date,9432.T,9433.T,2914.T,3382.T
2021-02-17,0.24960585123216206,0.2505064388639242,0.2509641203215096,0.24892358958240415
2021-02-18,0.24768971479519544,0.2452748212787115,0.25078180147282486,0.24428408107158908
2021-02-19,0.2513435351167655,0.24945701059490547,0.2484513441885616,0.24169607143879981
2021-02-22,0.2510288499096179,0.24850258832673494,0.2501651365574407,0.24318299136320312
2021-02-24,0.25031598322523885,0.24735771498393483,0.2492241231297046,0.2474353826531357
2021-02-25,0.2507979445421964,0.24818205574397695,0.2519205115376938,0.24438936855524857
2021-02-26,0.2543153216282293,0.2462873423043901,0.2540288578630881,0.24154114074403624
2021-03-01,0.25619045470615714,0.24226796814165696,0.25061964150270316,0.24810864466913796
2021-03-02,0.2576797392123238,0.2435891551794313,0.2513749863119307,0.24499269338644875
2021-03-03,0.25546652928058877,0.2427779158353228,0.2502959261562331,0.24959291852199805
2021-03-04,0.2533898762965271,0.24188135913907266,0.25173627320264674,0.25111306712347026
2021-03-05,0.2531064700851324,0.24206879122435035,0.25189348084050317,0.25108078826411706
2021-03-08,0.2499379810452534,0.24440602770015046,0.2538637762665513,0.24996457955120022
2021-03-09,0.2476922549482045,0.24143912242597812,0.25488764887421916,0.2541873000501354
2021-03-10,0.24886631992908104,0.24742071052713316,0.25345570967487857,0.24848026071147433
2021-03-11,0.24968461288812768,0.2480120315050651,0.2530155140516372,0.24749580939341065
2021-03-12,0.2503209989262118,0.24767189322444705,0.2535638132810583,0.24665937847445643
2021-03-15,0.24878364531547173,0.24720976281500665,0.2525315282918427,0.24971020201010777
2021-03-16,0.24906076749634978,0.24836905888771538,0.25257424320894334,0.24824965817721092
2021-03-17,0.2517924444936483,0.24568760692694866,0.25373852919275547,0.24703389707418638
2021-03-18,0.2525864293279373,0.2469568477033976,0.2563957659181336,0.24406095705053155
2021-03-19,0.2511256203177625,0.24119849952754663,0.25821046299457695,0.2413367138437792
2021-03-22,0.2545375843127524,0.2409754502321808,0.25835883944977855,0.23988500196598153
2021-03-23,0.2565115768747113,0.24114783524789643,0.25571384407966474,0.2418366173686525
2021-03-24,0.0,0.0,0.0,0.0
2021-03-25,0.0,0.0,0.0,0.0
2021-03-26,0.0,0.0,0.0,0.0
2021-03-29,0.0,0.0,0.0,0.0
2021-03-30,0.0,0.0,0.0,0.0
2021-03-31,0.0,0.0,0.0,0.0
2021-04-01,0.0,0.0,0.0,0.0
2021-04-02,0.0,0.0,0.0,0.0
2021-04-05,0.0,0.0,0.0,0.0
2021-04-06,0.0,0.0,0.0,0.0
2021-04-07,0.0,0.0,0.0,0.0
2021-04-08,0.0,0.0,0.0,0.0
2021-04-09,0.0,0.0,0.0,0.0
2021-04-12,0.0,0.0,0.0,0.0
2021-04-13,0.0,0.0,0.0,0.0
2021-04-14,0.0,0.0,0.0,0.0
2021-04-15,0.2503660081554959,0.25055770446341785,0.2516992944762581,0.24737699290482815
2021-04-16,0.25263799492652994,0.2478665161048338,0.2529573503052932,0.23689905297961691
2021-04-19,0.2517240949896957,0.2472016315721026,0.25683567947967956,0.23699956351224755
2021-04-20,0.0,0.0,0.0,0.0
2021-04-21,0.0,0.0,0.0,0.0
2021-04-22,0.0,0.0,0.0,0.0
2021-04-23,0.0,0.0,0.0,0.0
2021-04-26,0.0,0.0,0.0,0.0
2021-04-27,0.0,0.0,0.0,0.0
2021-04-28,0.0,0.0,0.0,0.0
2021-04-30,0.0,0.0,0.0,0.0
2021-05-06,0.0,0.0,0.0,0.0
2021-05-07,0.0,0.0,0.0,0.0
2021-05-10,0.0,0.0,0.0,0.0
2021-05-11,0.0,0.0,0.0,0.0
2021-05-12,0.0,0.0,0.0,0.0
2021-05-13,0.0,0.0,0.0,0.0
2021-05-14,0.0,0.0,0.0,0.0
2021-05-17,0.0,0.0,0.0,0.0
2021-05-18,0.0,0.0,0.0,0.0
2021-05-19,0.0,0.0,0.0,0.0
2021-05-20,0.0,0.0,0.0,0.0
2021-05-21,0.0,0.0,0.0,0.0
2021-05-24,0.0,0.0,0.0,0.0
2021-05-25,0.0,0.0,0.0,0.0
2021-05-26,0.0,0.0,0.0,0.0
2021-05-27,0.0,0.0,0.0,0.0
2021-05-28,0.0,0.0,0.0,0.0
2021-05-31,0.0,0.0,0.0,0.0
2021-06-01,0.0,0.0,0.0,0.0
2021-06-02,0.0,0.0,0.0,0.0
2021-06-03,0.0,0.0,0.0,0.0
2021-06-04,0.0,0.0,0.0,0.0
2021-06-07,0.0,0.0,0.0,0.0
2021-06-08,0.0,0.0,0.0,0.0
2021-06-09,0.0,0.0,0.0,0.0
2021-06-10,0.0,0.0,0.0,0.0
2021-06-11,0.0,0.0,0.0,0.0
2021-06-14,0.0,0.0,0.0,0.0
2021-06-15,0.0,0.0,0.0,0.0
2021-06-16,0.2503403929887433,0.2508694295257603,0.2510225323893371,0.24776764509615945
2021-06-17,0.25066278160274447,0.24495000458378963,0.2475507007191144,0.24268111450683003
2021-06-18,0.25364851467156313,0.24193218096463634,0.2491378733897933,0.2445140256576253
2021-06-21,0.0,0.0,0.0,0.0
2021-06-22,0.0,0.0,0.0,0.0
2021-06-23,0.0,0.0,0.0,0.0
2021-06-24,0.0,0.0,0.0,0.0
2021-06-25,0.0,0.0,0.0,0.0
2021-06-28,0.0,0.0,0.0,0.0
2021-06-29,0.0,0.0,0.0,0.0
2021-06-30,0.0,0.0,0.0,0.0
2021-07-01,0.0,0.0,0.0,0.0
2021-07-02,0.0,0.0,0.0,0.0
2021-07-05,0.0,0.0,0.0,0.0
2021-07-06,0.0,0.0,0.0,0.0
2021-07-07,0.0,0.0,0.0,0.0
2021-07-08,0.0,0.0,0.0,0.0
2021-07-09,0.0,0.0,0.0,0.0
2021-07-12,0.0,0.0,0.0,0.0
2021-07-13,0.0,0.0,0.0,0.0
2021-07-14,0.0,0.0,0.0,0.0
2021-07-15,0.0,0.0,0.0,0.0
2021-07-16,0.0,0.0,0.0,0.0
2021-07-19,0.0,0.0,0.0,0.0
2021-07-20,0.0,0.0,0.0,0.0
2021-07-21,0.0,0.0,0.0,0.0
2021-07-26,0.0,0.0,0.0,0.0
2021-07-27,0.0,0.0,0.0,0.0
2021-07-28,0.0,0.0,0.0,0.0
2021-07-29,0.0,0.0,0.0,0.0
2021-07-30,0.0,0.0,0.0,0.0
2021-08-02,0.0,0.0,0.0,0.0
2021-08-03,0.0,0.0,0.0,0.0
2021-08-04,0.0,0.0,0.0,0.0
2021-08-05,0.0,0.0,0.0,0.0
2021-08-06,0.0,0.0,0.0,0.0
2021-08-10,0.0,0.0,0.0,0.0
2021-08-11,0.0,0.0,0.0,0.0
2021-08-12,0.0,0.0,0.0,0.0
2021-08-13,0.0,0.0,0.0,0.0
2021-08-16,0.0,0.0,0.0,0.0
2021-08-17,0.0,0.0,0.0,0.0
2021-08-18,0.0,0.0,0.0,0.0
2021-08-19,0.0,0.0,0.0,0.0
2021-08-20,0.0,0.0,0.0,0.0
2021-08-23,0.0,0.0,0.0,0.0
2021-08-24,0.0,0.0,0.0,0.0
2021-08-25,0.0,0.0,0.0,0.0
2021-08-26,0.0,0.0,0.0,0.0
2021-08-27,0.0,0.0,0.0,0.0
2021-08-30,0.0,0.0,0.0,0.0
2021-08-31,0.0,0.0,0.0,0.0
2021-09-01,0.0,0.0,0.0,0.0
2021-09-02,0.0,0.0,0.0,0.0
2021-09-03,0.0,0.0,0.0,0.0
2021-09-06,0.0,0.0,0.0,0.0
2021-09-07,0.0,0.0,0.0,0.0
2021-09-08,0.0,0.0,0.0,0.0
2021-09-09,0.0,0.0,0.0,0.0
2021-09-10,0.0,0.0,0.0,0.0
2021-09-13,0.24958818903275473,0.24905341150056537,0.2523132529257893,0.24904514654089066
2021-09-14,0.2491171586226764,0.25268514445098766,0.24897323638723362,0.2388396397805209
2021-09-15,0.249077586353544,0.25569888573474947,0.24671145760700394,0.24042095197078506
2021-09-16,0.2503240976663589,0.25050262533877027,0.24792718101267772,0.2448652580889874
2021-09-17,0.25443479103356725,0.25305970542698,0.2463970425554747,0.2408676586364073
2021-09-21,0.25504727890469375,0.25124878407260304,0.24797814027779985,0.24155995656136062
2021-09-22,0.25368996679888456,0.25001043720073074,0.2485526003036637,0.24412724211209647
2021-09-24,0.25508494048012204,0.25161836131621806,0.24743419330503544,0.24285654867206136
2021-09-27,0.25359996163680854,0.25057400839835153,0.2490887806942017,0.24428538355843696
2021-09-28,0.25492440016903445,0.2516242072609283,0.2505826097601603,0.24097845196985945
2021-09-29,0.25389744627800814,0.25359925250160414,0.2500871308984099,0.2405135414154484
2021-09-30,0.2524364327760527,0.2509216703630544,0.25302880145842027,0.2416999530447583
2021-10-01,0.2563230405764339,0.24931648444234433,0.25380198529204845,0.23862404367861087
2021-10-04,0.2567872025393805,0.2503848861960807,0.252251567716151,0.23864214032688366
2021-10-05,0.0,0.0,0.0,0.0
2021-10-06,0.0,0.0,0.0,0.0
2021-10-07,0.0,0.0,0.0,0.0
2021-10-08,0.0,0.0,0.0,0.0
2021-10-11,0.0,0.0,0.0,0.0
2021-10-12,0.0,0.0,0.0,0.0
2021-10-13,0.0,0.0,0.0,0.0
2021-10-14,0.0,0.0,0.0,0.0
2021-10-15,0.0,0.0,0.0,0.0
2021-10-18,0.0,0.0,0.0,0.0
2021-10-19,0.0,0.0,0.0,0.0
2021-10-20,0.0,0.0,0.0,0.0
2021-10-21,0.0,0.0,0.0,0.0
2021-10-22,0.0,0.0,0.0,0.0
2021-10-25,0.0,0.0,0.0,0.0
2021-10-26,0.0,0.0,0.0,0.0
2021-10-27,0.0,0.0,0.0,0.0
2021-10-28,0.0,0.0,0.0,0.0
2021-10-29,0.0,0.0,0.0,0.0
2021-11-01,0.0,0.0,0.0,0.0
2021-11-02,0.0,0.0,0.0,0.0
2021-11-04,0.0,0.0,0.0,0.0
2021-11-05,0.0,0.0,0.0,0.0
2021-11-08,0.0,0.0,0.0,0.0
2021-11-09,0.0,0.0,0.0,0.0
2021-11-10,0.0,0.0,0.0,0.0
2021-11-11,0.24874894705393846,0.2527289506742548,0.2487641876796578,0.24975791459214886
2021-11-12,0.250690658315808,0.2493132520385105,0.24177524787811708,0.24586773522424213
2021-11-15,0.2538897235160634,0.24981781835312397,0.24139533059830343,0.2455168930791572
2021-11-16,0.25474937315612095,0.2498719876861641,0.2421213143748563,0.24628854180438747
2021-11-17,0.2566923910674166,0.24969138471664884,0.24342095740537814,0.24493048850984714
2021-11-18,0.25874597559972945,0.25330268517516336,0.24443873600734142,0.23938573031864133
2021-11-19,0.2572640945998606,0.25312696624778813,0.24367581901353608,0.24239541389477723
2021-11-22,0.25943231079676776,0.253433146006925,0.24442161045993333,0.23977052235830718
2021-11-24,0.2587585701297687,0.2556406432777147,0.2429238764206426,0.24032439659034863
2021-11-25,0.2601792708733862,0.2571662861092987,0.24110981372331788,0.23980040789143078
2021-11-26,0.0,0.0,0.0,0.0
2021-11-29,0.0,0.0,0.0,0.0
2021-11-30,0.0,0.0,0.0,0.0
2021-12-01,0.0,0.0,0.0,0.0
2021-12-02,0.0,0.0,0.0,0.0
2021-12-03,0.0,0.0,0.0,0.0
2021-12-06,0.0,0.0,0.0,0.0
2021-12-07,0.0,0.0,0.0,0.0
2021-12-08,0.0,0.0,0.0,0.0
2021-12-09,0.0,0.0,0.0,0.0
2021-12-10,0.0,0.0,0.0,0.0
2021-12-13,0.0,0.0,0.0,0.0
2021-12-14,0.0,0.0,0.0,0.0
2021-12-15,0.0,0.0,0.0,0.0
2021-12-16,0.0,0.0,0.0,0.0
2021-12-17,0.0,0.0,0.0,0.0
2021-12-20,0.0,0.0,0.0,0.0
2021-12-21,0.0,0.0,0.0,0.0
2021-12-22,0.0,0.0,0.0,0.0
2021-12-23,0.0,0.0,0.0,0.0
2021-12-24,0.0,0.0,0.0,0.0
2021-12-27,0.0,0.0,0.0,0.0
2021-12-28,0.0,0.0,0.0,0.0
2021-12-29,0.0,0.0,0.0,0.0
2021-12-30,0.0,0.0,0.0,0.0
2022-01-04,0.0,0.0,0.0,0.0
2022-01-05,0.0,0.0,0.0,0.0
2022-01-06,0.0,0.0,0.0,0.0
2022-01-07,0.0,0.0,0.0,0.0
2022-01-11,0.0,0.0,0.0,0.0
2022-01-12,0.0,0.0,0.0,0.0
2022-01-13,0.0,0.0,0.0,0.0
2022-01-14,0.0,0.0,0.0,0.0
2022-01-17,0.0,0.0,0.0,0.0
2022-01-18,0.0,0.0,0.0,0.0
2022-01-19,0.0,0.0,0.0,0.0
2022-01-20,0.0,0.0,0.0,0.0
2022-01-21,0.0,0.0,0.0,0.0
2022-01-24,0.0,0.0,0.0,0.0
2022-01-25,0.0,0.0,0.0,0.0
2022-01-26,0.0,0.0,0.0,0.0
2022-01-27,0.0,0.0,0.0,0.0
2022-01-28,0.0,0.0,0.0,0.0
2022-01-31,0.0,0.0,0.0,0.0
2022-02-01,0.0,0.0,0.0,0.0
2022-02-02,0.0,0.0,0.0,0.0
2022-02-03,0.0,0.0,0.0,0.0
2022-02-04,0.0,0.0,0.0,0.0
2022-02-07,0.0,0.0,0.0,0.0
2022-02-08,0.0,0.0,0.0,0.0
2022-02-09,0.0,0.0,0.0,0.0
2022-02-10,0.0,0.0,0.0,0.0
2022-02-14,0.0,0.0,0.0,0.0
2022-02-15,0.0,0.0,0.0,0.0
2022-02-16,0.0,0.0,0.0,0.0
2022-02-17,0.0,0.0,0.0,0.0
2022-02-18,0.0,0.0,0.0,0.0
2022-02-21,0.0,0.0,0.0,0.0
2022-02-22,0.0,0.0,0.0,0.0
2022-02-24,0.0,0.0,0.0,0.0
2022-02-25,0.0,0.0,0.0,0.0
2022-02-28,0.0,0.0,0.0,0.0
2022-03-01,0.0,0.0,0.0,0.0
2022-03-02,0.0,0.0,0.0,0.0
2022-03-03,0.0,0.0,0.0,0.0
2022-03-04,0.0,0.0,0.0,0.0
2022-03-07,0.0,0.0,0.0,0.0
2022-03-08,0.0,0.0,0.0,0.0
2022-03-09,0.0,0.0,0.0,0.0
2022-03-10,0.0,0.0,0.0,0.0
2022-03-11,0.0,0.0,0.0,0.0
2022-03-14,0.0,0.0,0.0,0.0
2022-03-15,0.0,0.0,0.0,0.0
2022-03-16,0.0,0.0,0.0,0.0
2022-03-17,0.0,0.0,0.0,0.0
2022-03-18,0.0,0.0,0.0,0.0
2022-03-22,0.0,0.0,0.0,0.0
2022-03-23,0.0,0.0,0.0,0.0
2022-03-24,0.0,0.0,0.0,0.0
2022-03-25,0.0,0.0,0.0,0.0
2022-03-28,0.0,0.0,0.0,0.0
2022-03-29,0.0,0.0,0.0,0.0
2022-03-30,0.0,0.0,0.0,0.0
2022-03-31,0.0,0.0,0.0,0.0
2022-04-01,0.0,0.0,0.0,0.0
2022-04-04,0.0,0.0,0.0,0.0
2022-04-05,0.0,0.0,0.0,0.0
2022-04-06,0.0,0.0,0.0,0.0
2022-04-07,0.0,0.0,0.0,0.0
2022-04-08,0.0,0.0,0.0,0.0
2022-04-11,0.0,0.0,0.0,0.0
2022-04-12,0.0,0.0,0.0,0.0
2022-04-13,0.0,0.0,0.0,0.0
2022-04-14,0.0,0.0,0.0,0.0
2022-04-15,0.0,0.0,0.0,0.0
2022-04-18,0.0,0.0,0.0,0.0
2022-04-19,0.0,0.0,0.0,0.0
2022-04-20,0.0,0.0,0.0,0.0
2022-04-21,0.0,0.0,0.0,0.0
2022-04-22,0.0,0.0,0.0,0.0
2022-04-25,0.0,0.0,0.0,0.0
2022-04-26,0.0,0.0,0.0,0.0
2022-04-27,0.0,0.0,0.0,0.0
2022-04-28,0.0,0.0,0.0,0.0
2022-05-02,0.0,0.0,0.0,0.0
2022-05-06,0.0,0.0,0.0,0.0
2022-05-09,0.0,0.0,0.0,0.0
2022-05-10,0.0,0.0,0.0,0.0
2022-05-11,0.0,0.0,0.0,0.0
2022-05-12,0.0,0.0,0.0,0.0
2022-05-13,0.0,0.0,0.0,0.0
2022-05-16,0.0,0.0,0.0,0.0
2022-05-17,0.0,0.0,0.0,0.0
2022-05-18,0.0,0.0,0.0,0.0
2022-05-19,0.0,0.0,0.0,0.0
2022-05-20,0.0,0.0,0.0,0.0
2022-05-23,0.0,0.0,0.0,0.0
2022-05-24,0.0,0.0,0.0,0.0
2022-05-25,0.0,0.0,0.0,0.0
2022-05-26,0.0,0.0,0.0,0.0
2022-05-27,0.0,0.0,0.0,0.0
2022-05-30,0.0,0.0,0.0,0.0
2022-05-31,0.0,0.0,0.0,0.0
2022-06-01,0.0,0.0,0.0,0.0
2022-06-02,0.0,0.0,0.0,0.0
2022-06-03,0.0,0.0,0.0,0.0
2022-06-06,0.0,0.0,0.0,0.0
2022-06-07,0.0,0.0,0.0,0.0
2022-06-08,0.0,0.0,0.0,0.0
2022-06-09,0.0,0.0,0.0,0.0
2022-06-10,0.24963412803141796,0.24901810820289874,0.25153442737318443,0.24981333639249884
2022-06-13,0.0,0.0,0.0,0.0
2022-06-14,0.0,0.0,0.0,0.0
2022-06-15,0.0,0.0,0.0,0.0
2022-06-16,0.0,0.0,0.0,0.0
2022-06-17,0.0,0.0,0.0,0.0
2022-06-20,0.0,0.0,0.0,0.0
2022-06-21,0.0,0.0,0.0,0.0
2022-06-22,0.0,0.0,0.0,0.0
2022-06-23,0.0,0.0,0.0,0.0
2022-06-24,0.0,0.0,0.0,0.0
2022-06-27,0.0,0.0,0.0,0.0
2022-06-28,0.0,0.0,0.0,0.0
2022-06-29,0.0,0.0,0.0,0.0
2022-06-30,0.0,0.0,0.0,0.0
2022-07-01,0.0,0.0,0.0,0.0
2022-07-04,0.0,0.0,0.0,0.0
2022-07-05,0.0,0.0,0.0,0.0
2022-07-06,0.0,0.0,0.0,0.0
2022-07-07,0.0,0.0,0.0,0.0
2022-07-08,0.0,0.0,0.0,0.0
2022-07-11,0.0,0.0,0.0,0.0
2022-07-12,0.0,0.0,0.0,0.0
2022-07-13,0.0,0.0,0.0,0.0
2022-07-14,0.0,0.0,0.0,0.0
2022-07-15,0.0,0.0,0.0,0.0
2022-07-19,0.0,0.0,0.0,0.0
2022-07-20,0.0,0.0,0.0,0.0
2022-07-21,0.0,0.0,0.0,0.0
2022-07-22,0.0,0.0,0.0,0.0
2022-07-25,0.0,0.0,0.0,0.0
2022-07-26,0.0,0.0,0.0,0.0
2022-07-27,0.0,0.0,0.0,0.0
2022-07-28,0.0,0.0,0.0,0.0
2022-07-29,0.0,0.0,0.0,0.0
2022-08-01,0.0,0.0,0.0,0.0
2022-08-02,0.0,0.0,0.0,0.0
2022-08-03,0.0,0.0,0.0,0.0
2022-08-04,0.0,0.0,0.0,0.0
2022-08-05,0.0,0.0,0.0,0.0
2022-08-08,0.24977351460822045,0.24874521035966474,0.25087462085127754,0.2506066541808373
2022-08-09,0.24883683336738838,0.23981430536153978,0.2450654281183333,0.2419545457462654
2022-08-10,0.25464056247880984,0.23941999586542273,0.24630894312081836,0.24117220503221112
2022-08-12,0.2552289336202646,0.23902402545747709,0.24652632580911252,0.24510984357720492
2022-08-15,0.2577871546550137,0.2389491330502589,0.24496244704449563,0.24783038017001094
2022-08-16,0.2589112401808998,0.2380882318839195,0.24681713497623511,0.24779393804823735
2022-08-17,0.26032725660743217,0.23809116445282758,0.24563883680192589,0.2497568378351459
2022-08-18,0.26342955091062775,0.238507202482607,0.24541007660489253,0.24784904075363404
2022-08-19,0.2643431271024583,0.23695261831601677,0.24633830346226254,0.2482901415442343
2022-08-22,0.2641470361920218,0.2365703508714726,0.24547330788941496,0.2504776722491837
2022-08-23,0.2655073656408473,0.23886887804614565,0.24449484606987004,0.2484974575176993
2022-08-24,0.26514336245952214,0.2370455355892011,0.24470185793611404,0.25047445219619024
2022-08-25,0.26487170859884906,0.23820725735770557,0.24374211218590508,0.2505461338126689
2022-08-26,0.26409623414802375,0.23936631887639154,0.2442291363833849,0.24967137790621136
2022-08-29,0.26534486922057676,0.2378801040457795,0.2461685068613232,0.24794864787712748
2022-08-30,0.2669843206835932,0.24010267382197778,0.2446106067194433,0.246373403803519
2022-08-31,0.2665024862381721,0.24081979458745303,0.24512432469623938,0.2456064239545402
2022-09-01,0.2663347718828313,0.24127125835593421,0.2479922394303833,0.24244194568869895
2022-09-02,0.2659103160197899,0.24038950696893113,0.24596535230823238,0.2457926954740932
2022-09-05,0.26529530484184555,0.24005763137958297,0.24590109749985226,0.24679695530064744
2022-09-06,0.2647086301537701,0.24024096513572987,0.2473697473916713,0.24768065731882874
2022-09-07,0.26452023188574636,0.23911467028397898,0.24474642733841276,0.24968412853837127
2022-09-08,0.26814767810786866,0.23793425842171043,0.239662368552395,0.2523760022239473
2022-09-09,0.2693728624114966,0.23960064436587983,0.23829294248919647,0.2508591081388469
2022-09-12,0.26746321820049257,0.23803181999874964,0.23739583423888364,0.25525032246005314
2022-09-13,0.26760243186227645,0.23679936295193527,0.23842855803517013,0.2552980649898779
2022-09-14,0.26696748121426833,0.23621971227035352,0.2383578104398442,0.25655895887476665
2022-09-15,0.2660069801656158,0.23710018498930732,0.23886670627151405,0.25613006627230706
2022-09-16,0.0,0.0,0.0,0.0
2022-09-20,0.0,0.0,0.0,0.0
2022-09-21,0.0,0.0,0.0,0.0
2022-09-22,0.0,0.0,0.0,0.0
2022-09-26,0.0,0.0,0.0,0.0
2022-09-27,0.0,0.0,0.0,0.0
2022-09-28,0.0,0.0,0.0,0.0
2022-09-29,0.0,0.0,0.0,0.0
2022-09-30,0.0,0.0,0.0,0.0
2022-10-03,0.0,0.0,0.0,0.0
2022-10-04,0.0,0.0,0.0,0.0
2022-10-05,0.0,0.0,0.0,0.0
2022-10-06,0.0,0.0,0.0,0.0
2022-10-07,0.0,0.0,0.0,0.0
2022-10-11,0.0,0.0,0.0,0.0
2022-10-12,0.0,0.0,0.0,0.0
2022-10-13,0.0,0.0,0.0,0.0
2022-10-14,0.0,0.0,0.0,0.0
2022-10-17,0.0,0.0,0.0,0.0
2022-10-18,0.0,0.0,0.0,0.0
2022-10-19,0.0,0.0,0.0,0.0
2022-10-20,0.0,0.0,0.0,0.0
2022-10-21,0.0,0.0,0.0,0.0
2022-10-24,0.0,0.0,0.0,0.0
2022-10-25,0.0,0.0,0.0,0.0
2022-10-26,0.0,0.0,0.0,0.0
2022-10-27,0.0,0.0,0.0,0.0
2022-10-28,0.0,0.0,0.0,0.0
2022-10-31,0.0,0.0,0.0,0.0
2022-11-01,0.0,0.0,0.0,0.0
2022-11-02,0.0,0.0,0.0,0.0
2022-11-04,0.0,0.0,0.0,0.0
2022-11-07,0.25163867841322013,0.2519598868666156,0.24724513520878041,0.24915629951138402
2022-11-08,0.2523396297192765,0.24874857914030343,0.23469826526043952,0.24046993541460077
2022-11-09,0.2530380441718067,0.24908545327930792,0.23734535717387523,0.24252936672389486
2022-11-10,0.25685773258803546,0.24748150821624704,0.23755618600126943,0.24456702208817677
2022-11-11,0.25751210318657,0.24934245198811394,0.23585409366977342,0.24661120573462092
2022-11-14,0.26032209671916917,0.24951507307245294,0.2390033630615779,0.24241691445606234
2022-11-15,0.26178071621497556,0.24343153504895498,0.2399645907311867,0.24823624619799348
2022-11-16,0.2633072926334458,0.24329237240008245,0.23972097021678687,0.2485293991806613
2022-11-17,0.26293013392779685,0.24344002961580316,0.24038971651997937,0.2488415716082056
2022-11-18,0.2663099535431359,0.24340985462042375,0.23899883014789042,0.24765030242647632
2022-11-21,0.26730337443009,0.24283910547268417,0.24064808916600827,0.24630029820771807
2022-11-22,0.26876315800861444,0.24074670585811,0.24031979561618458,0.24801853849844255
2022-11-24,0.26746463412466137,0.2401249686916761,0.24049062556454315,0.24976567840957709
2022-11-25,0.2677579137980695,0.24037501328371066,0.24084676221863283,0.24886607520420434
2022-11-28,0.2672601764770428,0.2414148018756149,0.24045008462307574,0.2487208260078699
2022-11-29,0.2664918878548756,0.24092881783344453,0.24135723379108798,0.2490517619347348
2022-11-30,0.2661680568111869,0.2433721399013212,0.24217693471425727,0.24610442570271981
2022-12-01,0.2670200214058352,0.24249234761375757,0.24258421836801586,0.24571742438075025
2022-12-02,0.2655586219118372,0.24265670477164447,0.24461573692815,0.2449388532157918
2022-12-05,0.2653557667076851,0.24197067927700167,0.24561649590537327,0.24482267715159395
2022-12-06,0.2655068998334125,0.24496499268257513,0.24594445645052448,0.24358365103348795
2022-12-07,0.26341629299377284,0.2418557921133827,0.23401783942760124,0.24620719881222256
2022-12-08,0.2661098797286188,0.24092432158055274,0.23473449009636943,0.24727702541296304
2022-12-09,0.2704044604293637,0.24009465249609385,0.23333670094135814,0.24814259989404583
2022-12-12,0.27182290288940525,0.238886474917793,0.23372999474739792,0.24967114424154166
2022-12-13,0.2733665881980544,0.24019474435307034,0.23358584102495802,0.24842227081935908
2022-12-14,0.27411248691542484,0.24002524885273166,0.23192517798536463,0.25022590677031575
2022-12-15,0.2748311196066858,0.2394420309321703,0.23123057551901277,0.25151050716527135
2022-12-16,0.2743491649783915,0.23797133526804673,0.23269375157138938,0.25270153907304965
2022-12-19,0.0,0.0,0.0,0.0
2022-12-20,0.0,0.0,0.0,0.0
2022-12-21,0.0,0.0,0.0,0.0
2022-12-22,0.0,0.0,0.0,0.0
2022-12-23,0.0,0.0,0.0,0.0
2022-12-26,0.0,0.0,0.0,0.0
2022-12-27,0.0,0.0,0.0,0.0
2022-12-28,0.0,0.0,0.0,0.0
2022-12-29,0.0,0.0,0.0,0.0
2022-12-30,0.0,0.0,0.0,0.0
2023-01-04,0.0,0.0,0.0,0.0
2023-01-05,0.0,0.0,0.0,0.0
2023-01-06,0.0,0.0,0.0,0.0
2023-01-10,0.0,0.0,0.0,0.0
2023-01-11,0.0,0.0,0.0,0.0
2023-01-12,0.0,0.0,0.0,0.0
2023-01-13,0.0,0.0,0.0,0.0
2023-01-16,0.0,0.0,0.0,0.0
2023-01-17,0.0,0.0,0.0,0.0
2023-01-18,0.0,0.0,0.0,0.0
2023-01-19,0.0,0.0,0.0,0.0
2023-01-20,0.0,0.0,0.0,0.0
2023-01-23,0.0,0.0,0.0,0.0
2023-01-24,0.0,0.0,0.0,0.0
2023-01-25,0.0,0.0,0.0,0.0
2023-01-26,0.0,0.0,0.0,0.0
2023-01-27,0.0,0.0,0.0,0.0
2023-01-30,0.0,0.0,0.0,0.0
2023-01-31,0.0,0.0,0.0,0.0
2023-02-01,0.0,0.0,0.0,0.0
2023-02-02,0.0,0.0,0.0,0.0
2023-02-03,0.2499214776021742,0.25140750964334935,0.24961292376293984,0.24905808899153653
2023-02-06,0.2481637038985341,0.2535577743959863,0.24685714290659042,0.24393005090693035
2023-02-07,0.2504786703937617,0.2529511626857813,0.24808840663111215,0.2424337896169781
2023-02-08,0.252345328861935,0.2537173903842406,0.24706204865607098,0.24229430610572444
2023-02-09,0.2527877479712117,0.253615879824118,0.2478141420273872,0.2419051713481555
2023-02-10,0.25225380225974403,0.2531174500547486,0.24737671929200364,0.24411936095139564
2023-02-13,0.252466333137827,0.25250273754941455,0.24833121814244383,0.2443082083735694
2023-02-14,0.25106360752225304,0.25200609277643526,0.2507722982108222,0.24378960354138388
2023-02-15,0.25011768233173093,0.25066413895003453,0.2554082331646164,0.24145533083158982
2023-02-16,0.25036804243250504,0.24965810000847258,0.2546021299039679,0.24301778633905788
2023-02-17,0.2509978392706997,0.24928860201305936,0.2546190263313497,0.24273406280683757
2023-02-20,0.25336401511652784,0.24927947640877773,0.25317275804425937,0.2418514186178529
2023-02-21,0.2543037026629991,0.24878406899993377,0.2539670073301881,0.2406001058146233
2023-02-22,0.0,0.0,0.0,0.0
2023-02-24,0.0,0.0,0.0,0.0
2023-02-27,0.0,0.0,0.0,0.0
2023-02-28,0.0,0.0,0.0,0.0
2023-03-01,0.0,0.0,0.0,0.0
2023-03-02,0.0,0.0,0.0,0.0
2023-03-03,0.0,0.0,0.0,0.0
2023-03-06,0.25054178922468895,0.250454782207291,0.2501388141170158,0.24886461445100422
2023-03-07,0.25034699729633764,0.2447049415067244,0.24091062566300764,0.2416219377227401
2023-03-08,0.25502631399645,0.24463649071478172,0.24077394381273515,0.242434248701497
2023-03-09,0.2567377027583719,0.2427244485951284,0.23887452326267514,0.24910885565912808
2023-03-10,0.26226363709268047,0.2464922481749282,0.24226447915934868,0.23914029455348157
2023-03-13,0.2649578531587518,0.24554260638932351,0.24322621858601792,0.23858193132228303
2023-03-14,0.2684281954339713,0.2476241946818192,0.24317092964110412,0.2344552594008158
2023-03-15,0.27055193203568095,0.2468963373755743,0.24473021737977213,0.23299419724482562
2023-03-16,0.0,0.0,0.0,0.0
2023-03-17,0.0,0.0,0.0,0.0
2023-03-20,0.0,0.0,0.0,0.0
2023-03-22,0.0,0.0,0.0,0.0
2023-03-23,0.0,0.0,0.0,0.0
2023-03-24,0.0,0.0,0.0,0.0
2023-03-27,0.0,0.0,0.0,0.0
2023-03-28,0.0,0.0,0.0,0.0
2023-03-29,0.0,0.0,0.0,0.0
2023-03-30,0.0,0.0,0.0,0.0
2023-03-31,0.0,0.0,0.0,0.0
2023-04-03,0.0,0.0,0.0,0.0
2023-04-04,0.2512861292558058,0.251163204167492,0.250885437969011,0.2466652286076913
2023-04-05,0.251165415693589,0.24466657674988673,0.2496625255151863,0.24179926693496925
2023-04-06,0.25343859315083417,0.2443640483425086,0.24960018947751833,0.2429387086708766
2023-04-07,0.2583026308437293,0.2465483079338995,0.2515401761476757,0.2361338318478819
2023-04-10,0.25866534741502506,0.24410066084969995,0.25314190394058333,0.23817570157367773
2023-04-11,0.2603253149856158,0.24420196238232025,0.252413584346102,0.2386881425013542
2023-04-12,0.262528598076563,0.2435723622822124,0.25118859736085575,0.23911417818689049
2023-04-13,0.26300107328348354,0.2442658710606329,0.2508354011921718,0.23907170827586238
2023-04-14,0.26179663950489435,0.2435577612041451,0.2503718182998275,0.24146712314372012
2023-04-17,0.2602602909095068,0.2432872234326025,0.2518753352535322,0.2417736101211561
2023-04-18,0.2608439805308674,0.24407559490498382,0.2495541718577385,0.24277192750854476
2023-04-19,0.2604728145592846,0.2430821000844687,0.2524762812655036,0.24121839813911064
2023-04-20,0.25944951460610005,0.2429259709023171,0.2522769877090893,0.2425902250146521
2023-04-21,0.25964657456024043,0.24277363114075598,0.25260819677032237,0.2422039477139815
2023-04-24,0.26091109799333484,0.24273709670619784,0.251771971882336,0.2418179800997419
2023-04-25,0.26166846994815035,0.24216570205584462,0.2524560951052506,0.24096903344240525
2023-04-26,0.26160249839651145,0.24362508534271302,0.2520260535641166,0.24000702489554196
2023-04-27,0.2615267459233526,0.2429546641163309,0.25285170177244826,0.2399383652923877
2023-04-28,0.26107390809363934,0.24415162493475828,0.2499705114430519,0.24211298195496683
2023-05-01,0.2600418646234637,0.24297399208614373,0.24950279840834313,0.24482088708104333
2023-05-02,0.2627398873005953,0.2448615815230339,0.25022097803548815,0.2421775531408827
2023-05-08,0.26171162530377634,0.24028889557089844,0.25287116520053987,0.23348458190497343
2023-05-09,0.2648900709887303,0.24005444401824644,0.2512915410089626,0.23523946099248905
2023-05-10,0.26603044931190245,0.23989094107396602,0.25242137119711267,0.23462055507576277
2023-05-11,0.2666395349118539,0.24428649576649927,0.2498097994038892,0.2337655880369906
2023-05-12,0.26057390886289034,0.24854536388729268,0.252506675975386,0.23366307399227523
2023-05-15,0.2633310632576277,0.24992180804553774,0.250346699645364,0.2324839076444937
2023-05-16,0.26148772770105877,0.24912321820201644,0.2526330679981457,0.23358595387892697
2023-05-17,0.26221705443412274,0.2510835042818725,0.2510265935189738,0.23324319216107828
2023-05-18,0.26185773145795554,0.24952241774374093,0.2528092551798849,0.2333772621708731
2023-05-19,0.2613088019181279,0.24925394793149286,0.25268241791552115,0.23430834697197245
2023-05-22,0.26289646863846144,0.2470420337227117,0.25404672804491685,0.23360025803230422
2023-05-23,0.2617702525976269,0.24567649087637441,0.25399211959547685,0.2361362035146417
2023-05-24,0.26128769871092866,0.2457500837618006,0.25571182426157424,0.23480825076366316
2023-05-25,0.26292779774276914,0.24430557746636397,0.25739804389970034,0.23290394935962375
2023-05-26,0.26332895761817265,0.2437287430386289,0.25970627788250905,0.2307428123633931
2023-05-29,0.2618405475503917,0.24673796597750258,0.25973622000563806,0.22920066653438156
2023-05-30,0.26022428117142327,0.24896924307227977,0.26109556468806794,0.2272084376690504
2023-05-31,0.261315298751343,0.24950318078380743,0.2629672850111459,0.2236631464453363
2023-06-01,0.2607685400418223,0.24978275679760223,0.26184637958705437,0.2250795356767366
2023-06-02,0.26287478568412925,0.25158733126854527,0.2625425808132098,0.22299530223411573
2023-06-05,0.2631467974224031,0.24887025920993305,0.2627592244678906,0.2148873057268246
2023-06-06,0.2659908703208673,0.2475508342909589,0.2610120842317049,0.21742626801032652
2023-06-07,0.2678756683023302,0.24853176882487285,0.2612861293944621,0.21571378852608966
2023-06-08,0.26737933274079934,0.24906881759615074,0.26208413187694274,0.21632755134937826
2023-06-09,0.2695001431758718,0.2496108893961899,0.2608196400688303,0.21571949870955598
2023-06-12,0.26906802272319125,0.24954846646215378,0.26121865294255153,0.2165541080753152
2023-06-13,0.2676914070838001,0.25068511929570636,0.2621552196133405,0.21660782263252495
2023-06-14,0.2666637056474031,0.24960377508961173,0.2629477202183931,0.21866026807027283
2023-06-15,0.2665442560675708,0.2508141684935605,0.2651441096600885,0.21536452026749395
2023-06-16,0.2681496057477156,0.25036115472208953,0.265531986233619,0.21381251234043167
2023-06-19,0.2688127440862968,0.24887671365144695,0.26457084455388546,0.2155933325005968
2023-06-20,0.26843680338499404,0.24569707261715792,0.26618900453422445,0.217518981244077
2023-06-21,0.27054717852344196,0.24577892475955387,0.26607192022867904,0.2154548866586956
2023-06-22,0.27202165899343206,0.24881895801566656,0.26618246109434834,0.21082961024023603
2023-06-23,0.2705177898199204,0.24846436414932735,0.265637255812183,0.21323633871308847
2023-06-26,0.27053197159237063,0.24614372274732274,0.26785678686478803,0.2133293825191203
2023-06-27,0.2732429395389986,0.24617909862601275,0.26498973798691916,0.21345652017605238
2023-06-28,0.28074204052861745,0.24587976878889858,0.2593705084773335,0.2119263630692264
2023-06-29,0.2751230729743124,0.24526705057378,0.2595955399321822,0.21791510492834146
2023-06-30,0.2751875270292835,0.24457933763149578,0.2662367398911915,0.21399639544802926
2023-07-03,0.2759713453866027,0.24312179831169906,0.2641709736174699,0.2053183353003888
2023-07-04,0.2781583243226537,0.2432967582768414,0.2650622902339341,0.20500758081904832
2023-07-05,0.2799128604337203,0.24299047165856655,0.26566606269655574,0.20516725601936528
2023-07-06,0.2806640298513536,0.24314896508171488,0.26698383593306807,0.20439321065795424
2023-07-07,0.28289075244688494,0.24149950142699653,0.2670103076648649,0.20449106742488068
2023-07-10,0.2855162054119854,0.24298246812574775,0.2637616408155761,0.20436987405222173
2023-07-11,0.282873912112122,0.24213649005321805,0.2657337230140294,0.20660678366522398
2023-07-12,0.28250823691229465,0.24113354674759752,0.26269153495453623,0.21176771280104745
2023-07-13,0.2824939316215081,0.2407462154063684,0.2634749365536502,0.21138720837683717
2023-07-14,0.28509703169946954,0.24386173712334572,0.2660026427635734,0.2031163219355893
2023-07-18,0.2821152490262773,0.24320653848285684,0.268626418757192,0.20413785389839584
2023-07-19,0.2828367145457579,0.2429561218520008,0.26896855801607605,0.20333157929450502
2023-07-20,0.2839191295145119,0.24258770061821777,0.2694038697320429,0.20218784711727628
2023-07-21,0.2855020109680687,0.24319878133353964,0.2687922767447287,0.20061224898888058
2023-07-24,0.28675176349325543,0.24478474188122148,0.26806801228445204,0.19851865256921514
2023-07-25,0.28209815755050616,0.24407649346136695,0.27040133736122,0.20152779952068484
2023-07-26,0.27942607004969966,0.24569934581159902,0.2710677536142408,0.20190288246522675
2023-07-27,0.27923160274566305,0.24575620525106973,0.2711409918134768,0.2019685771881865
2023-07-28,0.2802736863808239,0.24451874740591686,0.271702208873237,0.2015932556651581
2023-07-31,0.28214777431981086,0.23913121468484339,0.2759217836441705,0.20279922735117517
2023-08-01,0.2811041372092437,0.24091874386760667,0.27105901368373353,0.20427513330733954
2023-08-02,0.2821152332571181,0.2398310174398755,0.27355693845351226,0.2025662287061979
2023-08-03,0.2822561361584625,0.23846797441946513,0.27522813876276675,0.20210285808705392
2023-08-04,0.2806842338988559,0.2366186200265933,0.2765065283863344,0.20424801508189927
2023-08-07,0.28210043730451195,0.2380702072616659,0.27387819963554955,0.20401705519637098
2023-08-08,0.282734361143832,0.2364666584095775,0.272669806967016,0.20621229152951517
2023-08-09,0.0,0.0,0.0,0.0
2023-08-10,0.0,0.0,0.0,0.0
2023-08-14,0.0,0.0,0.0,0.0
2023-08-15,0.0,0.0,0.0,0.0
2023-08-16,0.0,0.0,0.0,0.0
2023-08-17,0.0,0.0,0.0,0.0
2023-08-18,0.0,0.0,0.0,0.0
2023-08-21,0.0,0.0,0.0,0.0
2023-08-22,0.0,0.0,0.0,0.0
2023-08-23,0.0,0.0,0.0,0.0
2023-08-24,0.0,0.0,0.0,0.0
2023-08-25,0.0,0.0,0.0,0.0
2023-08-28,0.0,0.0,0.0,0.0
2023-08-29,0.0,0.0,0.0,0.0
2023-08-30,0.0,0.0,0.0,0.0
2023-08-31,0.0,0.0,0.0,0.0
2023-09-01,0.0,0.0,0.0,0.0
2023-09-04,0.0,0.0,0.0,0.0
2023-09-05,0.0,0.0,0.0,0.0
2023-09-06,0.0,0.0,0.0,0.0
2023-09-07,0.0,0.0,0.0,0.0
2023-09-08,0.0,0.0,0.0,0.0
2023-09-11,0.0,0.0,0.0,0.0
2023-09-12,0.0,0.0,0.0,0.0
2023-09-13,0.0,0.0,0.0,0.0
2023-09-14,0.0,0.0,0.0,0.0
2023-09-15,0.0,0.0,0.0,0.0
2023-09-19,0.0,0.0,0.0,0.0
2023-09-20,0.0,0.0,0.0,0.0
2023-09-21,0.0,0.0,0.0,0.0
2023-09-22,0.0,0.0,0.0,0.0
2023-09-25,0.0,0.0,0.0,0.0
2023-09-26,0.0,0.0,0.0,0.0
2023-09-27,0.0,0.0,0.0,0.0
2023-09-28,0.0,0.0,0.0,0.0
2023-09-29,0.0,0.0,0.0,0.0
2023-10-02,0.0,0.0,0.0,0.0
2023-10-03,0.0,0.0,0.0,0.0
2023-10-04,0.0,0.0,0.0,0.0
2023-10-05,0.0,0.0,0.0,0.0
2023-10-06,0.0,0.0,0.0,0.0
2023-10-10,0.0,0.0,0.0,0.0
2023-10-11,0.0,0.0,0.0,0.0
2023-10-12,0.0,0.0,0.0,0.0
2023-10-13,0.0,0.0,0.0,0.0
2023-10-16,0.0,0.0,0.0,0.0
2023-10-17,0.0,0.0,0.0,0.0
2023-10-18,0.0,0.0,0.0,0.0
2023-10-19,0.0,0.0,0.0,0.0
2023-10-20,0.0,0.0,0.0,0.0
2023-10-23,0.0,0.0,0.0,0.0
2023-10-24,0.0,0.0,0.0,0.0
2023-10-25,0.0,0.0,0.0,0.0
2023-10-26,0.0,0.0,0.0,0.0
2023-10-27,0.0,0.0,0.0,0.0
2023-10-30,0.0,0.0,0.0,0.0
2023-10-31,0.0,0.0,0.0,0.0
2023-11-01,0.0,0.0,0.0,0.0
2023-11-02,0.0,0.0,0.0,0.0
2023-11-06,0.0,0.0,0.0,0.0
2023-11-07,0.0,0.0,0.0,0.0
2023-11-08,0.0,0.0,0.0,0.0
2023-11-09,0.0,0.0,0.0,0.0
2023-11-10,0.0,0.0,0.0,0.0
2023-11-13,0.0,0.0,0.0,0.0
2023-11-14,0.0,0.0,0.0,0.0
2023-11-15,0.0,0.0,0.0,0.0
2023-11-16,0.0,0.0,0.0,0.0
2023-11-17,0.0,0.0,0.0,0.0
2023-11-20,0.0,0.0,0.0,0.0
2023-11-21,0.0,0.0,0.0,0.0
2023-11-22,0.0,0.0,0.0,0.0
2023-11-24,0.0,0.0,0.0,0.0
2023-11-27,0.2512711018136362,0.2503802742660385,0.24928940535075347,0.24905921856957183
2023-11-28,0.2518138946537176,0.24704888148235088,0.23408437825015252,0.24526342390978526
2023-11-29,0.2576977020813848,0.25124221172374417,0.2352679095542882,0.23863274997554676
2023-11-30,0.2627800811779327,0.25015388773898756,0.23613344954902876,0.23784492740282706
2023-12-01,0.2625436832644883,0.2447111478965989,0.2359732083139211,0.24706386230258634
2023-12-04,0.2632046167505237,0.24594165547198268,0.23637797787960643,0.24714573300972995
2023-12-05,0.2647960671011681,0.24689686190946059,0.23438471827201537,0.2481596286337172
2023-12-06,0.2654717827294901,0.24682594675766828,0.23363614343074043,0.24917268409237825
2023-12-07,0.26805408366456973,0.24676133299662917,0.23517496543812935,0.24586699346917482
2023-12-08,0.0,0.0,0.0,0.0
2023-12-11,0.0,0.0,0.0,0.0
2023-12-12,0.0,0.0,0.0,0.0
2023-12-13,0.0,0.0,0.0,0.0
2023-12-14,0.0,0.0,0.0,0.0
2023-12-15,0.0,0.0,0.0,0.0
2023-12-18,0.0,0.0,0.0,0.0
2023-12-19,0.0,0.0,0.0,0.0
2023-12-20,0.0,0.0,0.0,0.0
2023-12-21,0.0,0.0,0.0,0.0
2023-12-22,0.0,0.0,0.0,0.0
2023-12-25,0.2521219983638585,0.251704557776997,0.25096626193749094,0.24520718192165353
2023-12-26,0.25169995279247154,0.25174720203024126,0.24927736629457764,0.24152074520667338
2023-12-27,0.25244797803917446,0.2525495292330544,0.24752761854325894,0.24254870837102654
2023-12-28,0.25383140624377654,0.2525727528424642,0.2471819951067395,0.24228967413632166
2023-12-29,0.25431813380978635,0.2524020102125817,0.24854933558654452,0.24142425620426394
2024-01-04,0.25304662969058483,0.2531643211069387,0.2502741107780741,0.24103982183039252
2024-01-05,0.25287947918734066,0.2538483417999726,0.25159737285058736,0.23921839290484198
2024-01-09,0.2531828644452104,0.2525209844447359,0.25023943507411484,0.2416142104052728
2024-01-10,0.2538274846625728,0.25380481816590333,0.2510991737690388,0.23884471525633882
2024-01-11,0.25362565623759914,0.25886659219818553,0.24543589362316184,0.23969959481780656
2024-01-12,0.25447534928461824,0.26286270647072313,0.24588157366597177,0.23439752088988858
2024-01-15,0.25518291705195195,0.2643524563323017,0.2439611586551196,0.2341479417733483
2024-01-16,0.2590744302686889,0.2618174134338984,0.2443675158832674,0.23239784123947402
2024-01-17,0.2603051396270127,0.2604876584009357,0.2433235609851437,0.2335447373056878
2024-01-18,0.26136482458824284,0.2622917093956102,0.24545896314074997,0.2285398194116022
2024-01-19,0.26002747971173956,0.2636794878338664,0.2428891383603196,0.23105624665969343
2024-01-22,0.262152037964192,0.26414514123576993,0.2400015578385631,0.23138518723284457
2024-01-23,0.26236591940134535,0.2621609796791025,0.2427966759269972,0.23034136202075392
2024-01-24,0.26129872756589034,0.26053763539376246,0.24464695003871814,0.23116259477944
2024-01-25,0.2593307332033827,0.25934172811622197,0.24430421520506185,0.23467191239959703
2024-01-26,0.25927857318767655,0.2592855281268267,0.2465039433721617,0.23493195531333513
2024-01-29,0.2588062919396603,0.2587905606915836,0.2439200459591001,0.22903927143422517
2024-01-30,0.2616061815957682,0.25800854786811184,0.24553947371556506,0.22783058476205642
2024-01-31,0.26297535854178844,0.25698981733543463,0.24772782523274478,0.22695707633757636
2024-02-01,0.26441569713585794,0.2563638470033519,0.24763197453856844,0.22706150823561755
2024-02-02,0.2647829969527917,0.2568796174315412,0.24700946580838684,0.2276269565227767
2024-02-05,0.2645950311341519,0.2514750338649542,0.2482093291657632,0.23283065103496456
2024-02-06,0.26201807435677454,0.24687563095084658,0.2509161823165749,0.23727680996883133
2024-02-07,0.26352748031896567,0.24342817004265924,0.2526823653901055,0.23743189919745245
2024-02-08,0.26079997560342405,0.24175593684190824,0.2544865860910107,0.23999143500044998
2024-02-09,0.2616010618543991,0.23808816539887528,0.25437775343466806,0.24298252569655923
2024-02-13,0.2586289722686556,0.23933397929112105,0.25695107049386917,0.2421722282674242
2024-02-14,0.2606235665369044,0.23998639276949238,0.25086722379941856,0.24559145447819092
2024-02-15,0.2621030018467051,0.24057514580131417,0.25083464741022343,0.24353431636636563
2024-02-16,0.2635599860640078,0.24292907517927612,0.24894313076964922,0.24163416232020565
2024-02-19,0.2597970203630635,0.24286749957834486,0.25026353827075026,0.2441498759462951
2024-02-20,0.25874442105546164,0.24258610847055456,0.24839255233780352,0.247371499069017
2024-02-21,0.25950640491214116,0.2439213245546983,0.24921309639182107,0.24445160293660792
2024-02-22,0.2574565885327993,0.241822501266499,0.2517069088854237,0.24610703560608313
2024-02-26,0.25928181791989435,0.2385148507326234,0.25052383315028925,0.2487744433182988
2024-02-27,0.26250591169837895,0.24138686379423277,0.2524301456518634,0.24367707885552498
2024-02-28,0.263057374264976,0.2397519737996953,0.2479439421033744,0.23763739248177387
2024-02-29,0.26025125228846274,0.2365918202418893,0.24505357304323705,0.24902207003517637
2024-03-01,0.262324674521818,0.23837502692505458,0.2461299417049952,0.24639640248338773
2024-03-04,0.2653533948721578,0.23848111606101202,0.2448737944312318,0.24606027529970143
2024-03-05,0.2657971671403244,0.23690926177989796,0.24672195738878885,0.2461359471279499
2024-03-06,0.26756488342899887,0.23778392972787157,0.24559726989132905,0.24542194991646515
2024-03-07,0.268430303296744,0.2402909552083281,0.2423053170633749,0.2461633882947458
2024-03-08,0.27139834060515117,0.24158213050001845,0.24345058635452152,0.2407492782240588
2024-03-11,0.2714827960314207,0.24142773320103741,0.24510139987648016,0.23911959229862623
2024-03-12,0.27089615833232566,0.24013667765435082,0.24698664329925846,0.23909450672625182
2024-03-13,0.2711361811932918,0.23738792616300175,0.2481333418205087,0.24044918141658855
2024-03-14,0.2708840081461861,0.2357075463674392,0.24825534376909072,0.24228150380388874
2024-03-15,0.2688075410641201,0.23865450690170759,0.24671573633719812,0.24295210663919084
2024-03-18,0.26745161018190594,0.23923712138241182,0.24836650547162206,0.24209544574671799
2024-03-19,0.26615991145842566,0.23999242811029484,0.24862237182652555,0.24240841840729968
2024-03-21,0.26444707367554504,0.23673840998757864,0.2501325503950157,0.2458537136998755
2024-03-22,0.26718106230639993,0.23721264575511328,0.24942778182048905,0.24337240612062322
2024-03-25,0.26925340359244154,0.23599379031100298,0.2516056909380244,0.2403115196674597
2024-03-26,0.26958197201779016,0.23645855758511924,0.2501455184374681,0.24099339178096532
2024-03-27,0.27075340156292427,0.23880711421323758,0.253698509411996,0.23674097481184223
2024-03-28,0.2680609566414602,0.23463799877124908,0.25243757854842275,0.2347486865770276
2024-03-29,0.2691677190079888,0.23478621569453398,0.25297579130923536,0.23533904582608206
2024-04-01,0.26929459124069655,0.2358655468046299,0.2579000068699069,0.23069100838612436
2024-04-02,0.2708333667628348,0.2348177720947162,0.26140270191507314,0.22826866971742688
2024-04-03,0.2725283163680268,0.2342091349088178,0.25990672730253245,0.22943918524246432
2024-04-04,0.27032888406686684,0.23470171415153732,0.262226872771641,0.22959817956971582
2024-04-05,0.2717448514902111,0.23435637230765397,0.26018492021776884,0.23133425023959003
2024-04-08,0.2717204957869348,0.23372078450233222,0.25948371137000875,0.2327023946442895
2024-04-09,0.2716785313040726,0.23296673875275728,0.25979781226221493,0.23320211342912495
2024-04-10,0.2723214890876982,0.23229784274921048,0.26143134514772126,0.23157281570911256
2024-04-11,0.27593021992787936,0.23216573436411658,0.2657352470362308,0.22375667753997314
2024-04-12,0.27627539316381017,0.2330750802643116,0.2687340715469191,0.21949893794214437
2024-04-15,0.2758534713629579,0.2317325737308436,0.2700209654778623,0.21997187118321052
2024-04-16,0.275381015042797,0.23478029548985638,0.26777346695108306,0.21961740793892331
2024-04-17,0.0,0.0,0.0,0.0
2024-04-18,0.0,0.0,0.0,0.0
2024-04-19,0.0,0.0,0.0,0.0
2024-04-22,0.0,0.0,0.0,0.0
2024-04-23,0.0,0.0,0.0,0.0
2024-04-24,0.0,0.0,0.0,0.0
2024-04-25,0.0,0.0,0.0,0.0
2024-04-26,0.0,0.0,0.0,0.0
2024-04-30,0.0,0.0,0.0,0.0
2024-05-01,0.0,0.0,0.0,0.0
2024-05-02,0.0,0.0,0.0,0.0
2024-05-07,0.0,0.0,0.0,0.0
2024-05-08,0.0,0.0,0.0,0.0
2024-05-09,0.0,0.0,0.0,0.0
2024-05-10,0.0,0.0,0.0,0.0
2024-05-13,0.0,0.0,0.0,0.0
2024-05-14,0.0,0.0,0.0,0.0
2024-05-15,0.0,0.0,0.0,0.0
2024-05-16,0.0,0.0,0.0,0.0
2024-05-17,0.0,0.0,0.0,0.0
2024-05-20,0.0,0.0,0.0,0.0
2024-05-21,0.0,0.0,0.0,0.0
2024-05-22,0.0,0.0,0.0,0.0
2024-05-23,0.0,0.0,0.0,0.0
2024-05-24,0.0,0.0,0.0,0.0
2024-05-27,0.0,0.0,0.0,0.0
2024-05-28,0.0,0.0,0.0,0.0
2024-05-29,0.0,0.0,0.0,0.0
2024-05-30,0.0,0.0,0.0,0.0
2024-05-31,0.0,0.0,0.0,0.0
2024-06-03,0.0,0.0,0.0,0.0
2024-06-04,0.0,0.0,0.0,0.0
2024-06-05,0.0,0.0,0.0,0.0
2024-06-06,0.0,0.0,0.0,0.0
2024-06-07,0.0,0.0,0.0,0.0
2024-06-10,0.0,0.0,0.0,0.0
2024-06-11,0.0,0.0,0.0,0.0
2024-06-12,0.0,0.0,0.0,0.0
2024-06-13,0.0,0.0,0.0,0.0
2024-06-14,0.0,0.0,0.0,0.0
2024-06-17,0.0,0.0,0.0,0.0
2024-06-18,0.0,0.0,0.0,0.0
2024-06-19,0.0,0.0,0.0,0.0
2024-06-20,0.0,0.0,0.0,0.0
2024-06-21,0.0,0.0,0.0,0.0
2024-06-24,0.249463700955265,0.24931243912784984,0.250915974217675,0.2503078856992102
2024-06-25,0.24924427273433442,0.24351063705669254,0.23528376753469005,0.24642198019873202
2024-06-26,0.25570057248895944,0.2411894503935353,0.23549130382435482,0.2482910588241782
2024-06-27,0.2618148832114363,0.24210878994000634,0.23478846214725327,0.24670068057602632
2024-06-28,0.26572400673783764,0.24361511102576378,0.23323645244511115,0.24630993604165233
2024-07-01,0.2717665471308741,0.2447665462096474,0.232966288318447,0.2422910839108955
2024-07-02,0.27261563419337675,0.24566612866258164,0.23279407864256504,0.2428444679306572
2024-07-03,0.2758797855638254,0.24436525815214277,0.23384783558505937,0.24125878059858988
2024-07-04,0.2749644646928562,0.24437921510711322,0.2332347880171249,0.2434760590255452
2024-07-05,0.27433667798955585,0.24596797415260954,0.23160374653098384,0.24482459256777736
2024-07-08,0.2734068913771745,0.2487933363844071,0.23178086201147846,0.24343530939998353
2024-07-09,0.2768973338776652,0.24998525688436113,0.2312241411669971,0.24000784058077476
2024-07-10,0.2786530939636139,0.2508265303929702,0.23218367627405348,0.2364608913958801
2024-07-11,0.27955570811672287,0.2518533290495951,0.23061180514128757,0.23611143197612922
2024-07-12,0.28418084677441924,0.2564040842296005,0.23194654891903754,0.22556032293477893
2024-07-16,0.2835222072044857,0.25710935603028146,0.2338309522060165,0.22361554396433306
2024-07-17,0.2850032922539171,0.25666542253592795,0.23274819060763652,0.22368135795888908
2024-07-18,0.2849286103988603,0.257646370212815,0.2328286071575251,0.22270818007705886
2024-07-19,0.2828446336865219,0.25815076091272654,0.23463863385758874,0.22247033000909747
2024-07-22,0.2832860409620157,0.25900442239431376,0.23462729601647894,0.22119432701490085
2024-07-23,0.2831707578855335,0.258155461320889,0.23724801724272987,0.22142576355084764
2024-07-24,0.0,0.0,0.0,0.0
2024-07-25,0.0,0.0,0.0,0.0
2024-07-26,0.0,0.0,0.0,0.0
2024-07-29,0.0,0.0,0.0,0.0
2024-07-30,0.0,0.0,0.0,0.0
2024-07-31,0.0,0.0,0.0,0.0
2024-08-01,0.0,0.0,0.0,0.0
2024-08-02,0.0,0.0,0.0,0.0
2024-08-05,0.0,0.0,0.0,0.0
2024-08-06,0.0,0.0,0.0,0.0
2024-08-07,0.0,0.0,0.0,0.0
2024-08-08,0.0,0.0,0.0,0.0
2024-08-09,0.0,0.0,0.0,0.0
2024-08-13,0.0,0.0,0.0,0.0
2024-08-14,0.0,0.0,0.0,0.0
2024-08-15,0.0,0.0,0.0,0.0
2024-08-16,0.0,0.0,0.0,0.0
2024-08-19,0.0,0.0,0.0,0.0
2024-08-20,0.0,0.0,0.0,0.0
2024-08-21,0.0,0.0,0.0,0.0
2024-08-22,0.0,0.0,0.0,0.0
2024-08-23,0.0,0.0,0.0,0.0
2024-08-26,0.0,0.0,0.0,0.0
2024-08-27,0.0,0.0,0.0,0.0
2024-08-28,0.0,0.0,0.0,0.0
2024-08-29,0.0,0.0,0.0,0.0
2024-08-30,0.0,0.0,0.0,0.0
2024-09-02,0.0,0.0,0.0,0.0
2024-09-03,0.0,0.0,0.0,0.0
2024-09-04,0.0,0.0,0.0,0.0
2024-09-05,0.0,0.0,0.0,0.0
2024-09-06,0.0,0.0,0.0,0.0
2024-09-09,0.0,0.0,0.0,0.0
2024-09-10,0.0,0.0,0.0,0.0
2024-09-11,0.0,0.0,0.0,0.0
2024-09-12,0.0,0.0,0.0,0.0
2024-09-13,0.0,0.0,0.0,0.0
2024-09-17,0.0,0.0,0.0,0.0
2024-09-18,0.0,0.0,0.0,0.0
2024-09-19,0.0,0.0,0.0,0.0
2024-09-20,0.0,0.0,0.0,0.0
2024-09-24,0.0,0.0,0.0,0.0
2024-09-25,0.0,0.0,0.0,0.0
2024-09-26,0.0,0.0,0.0,0.0
2024-09-27,0.0,0.0,0.0,0.0
2024-09-30,0.0,0.0,0.0,0.0
2024-10-01,0.0,0.0,0.0,0.0
2024-10-02,0.0,0.0,0.0,0.0
2024-10-03,0.0,0.0,0.0,0.0
2024-10-04,0.0,0.0,0.0,0.0
2024-10-07,0.0,0.0,0.0,0.0
2024-10-08,0.0,0.0,0.0,0.0
2024-10-09,0.0,0.0,0.0,0.0
2024-10-10,0.0,0.0,0.0,0.0
2024-10-11,0.0,0.0,0.0,0.0
2024-10-15,0.0,0.0,0.0,0.0
2024-10-16,0.0,0.0,0.0,0.0
2024-10-17,0.0,0.0,0.0,0.0
2024-10-18,0.0,0.0,0.0,0.0
2024-10-21,0.25554016012567204,0.2555706690263667,0.24793836998749924,0.240950800860462
2024-10-22,0.2555130238215113,0.2511662830436548,0.23597017009700047,0.23827025333217092
2024-10-23,0.26014236566307547,0.25063870158718937,0.23844035307352648,0.23638789767649307
2024-10-24,0.26196184937700706,0.24865543450872057,0.2372046918436218,0.24123499109783655
2024-10-25,0.2647958405867095,0.24988011850050693,0.2350101853015434,0.24200417897117574
2024-10-28,0.26703987574504384,0.2497143731211023,0.23548800297767328,0.24150411532995134
2024-10-29,0.2679826613703236,0.25120127097075884,0.23928616433759264,0.23663905060934268
2024-10-30,0.26847761347596616,0.25235042803853225,0.24073846116349631,0.2342207418425768
2024-10-31,0.2707316844794375,0.24986480746949644,0.24335245806592284,0.23248376939310447
2024-11-01,0.27484585027160463,0.2525953831659538,0.2379435782258262,0.23167550377492785
2024-11-05,0.27338752048880804,0.25300779797828044,0.23599444617432647,0.23536081694227518
2024-11-06,0.2723064108834177,0.25436699983635036,0.23617199892805724,0.23490948545488124
2024-11-07,0.2758484479883073,0.25042112942200573,0.23786624030353049,0.23365756178534697
2024-11-08,0.27587630401417934,0.25373668192572246,0.23617019462655173,0.23201289147059753
2024-11-11,0.27588214852870885,0.2537150921049529,0.2366565522780277,0.23153931700359048
2024-11-12,0.2747908972898614,0.25674893030950274,0.2348445723502583,0.23142612805485302
2024-11-13,0.268291622501225,0.2497732326742051,0.2272175453400825,0.25257991224705084
2024-11-14,0.2693320567644895,0.2543510169510878,0.22812550048799057,0.2460426173918169
2024-11-15,0.2721548434915499,0.25117981287736113,0.22745569843635471,0.24708045021689654
2024-11-18,0.273367676932583,0.25117379670635875,0.22666204577814333,0.24666606505308497
2024-11-19,0.27644136500341665,0.25244208729303313,0.22881685904905028,0.24229968865450002
2024-11-20,0.27230989179032217,0.24533176832900222,0.22451368685911544,0.24720144977086278
2024-11-21,0.0,0.0,0.0,0.0
2024-11-22,0.0,0.0,0.0,0.0
2024-11-25,0.0,0.0,0.0,0.0
2024-11-26,0.0,0.0,0.0,0.0
2024-11-27,0.0,0.0,0.0,0.0
2024-11-28,0.0,0.0,0.0,0.0
2024-11-29,0.0,0.0,0.0,0.0
2024-12-02,0.0,0.0,0.0,0.0
2024-12-03,0.0,0.0,0.0,0.0
2024-12-04,0.0,0.0,0.0,0.0
2024-12-05,0.0,0.0,0.0,0.0
2024-12-06,0.0,0.0,0.0,0.0
2024-12-09,0.0,0.0,0.0,0.0
2024-12-10,0.0,0.0,0.0,0.0
2024-12-11,0.0,0.0,0.0,0.0
2024-12-12,0.0,0.0,0.0,0.0
2024-12-13,0.0,0.0,0.0,0.0
2024-12-16,0.0,0.0,0.0,0.0
2024-12-17,0.25119770597021124,0.25008112781061254,0.25029740900894765,0.2484237572102286
2024-12-18,0.2505737300791873,0.24541182902532835,0.24113531066618113,0.23968149032104613
2024-12-19,0.0,0.0,0.0,0.0
2024-12-20,0.0,0.0,0.0,0.0
2024-12-23,0.0,0.0,0.0,0.0
2024-12-24,0.0,0.0,0.0,0.0
2024-12-25,0.0,0.0,0.0,0.0
2024-12-26,0.0,0.0,0.0,0.0
2024-12-27,0.0,0.0,0.0,0.0
2024-12-30,0.0,0.0,0.0,0.0
2025-01-06,0.0,0.0,0.0,0.0
2025-01-07,0.0,0.0,0.0,0.0
2025-01-08,0.0,0.0,0.0,0.0
2025-01-09,0.0,0.0,0.0,0.0
2025-01-10,0.0,0.0,0.0,0.0
2025-01-14,0.0,0.0,0.0,0.0
2025-01-15,0.0,0.0,0.0,0.0
2025-01-16,0.0,0.0,0.0,0.0
2025-01-17,0.0,0.0,0.0,0.0
2025-01-20,0.0,0.0,0.0,0.0
2025-01-21,0.25119482313408137,0.251003042929286,0.2505331614538183,0.2472689724828143
2025-01-22,0.2510896303700871,0.24936442486876217,0.24764778454141434,0.2447666865962241
2025-01-23,0.25372214315984504,0.25014743051122706,0.24761812396869673,0.2426716919492146
2025-01-24,0.2539637308440201,0.25158758146213483,0.24689812632817434,0.2430153515038992
2025-01-27,0.25301077477666084,0.2582532025279445,0.2461784156843279,0.23875044001348655
2025-01-28,0.25291655049553335,0.25990890447562826,0.24674360681857485,0.23729540516727746
2025-01-29,0.2527579602316845,0.2596191005152641,0.2476449703559708,0.2374810636950904
2025-01-30,0.2524878159957558,0.25956120013741535,0.2472946190251244,0.23816049933258554
2025-01-31,0.25168842677910885,0.2602703977849706,0.24542777882722983,0.24011891560802673
2025-02-03,0.0,0.0,0.0,0.0
2025-02-04,0.0,0.0,0.0,0.0
2025-02-05,0.0,0.0,0.0,0.0
2025-02-06,0.0,0.0,0.0,0.0
2025-02-07,0.0,0.0,0.0,0.0
2025-02-10,0.0,0.0,0.0,0.0
2025-02-12,0.0,0.0,0.0,0.0
2025-02-13,0.0,0.0,0.0,0.0
2025-02-14,0.0,0.0,0.0,0.0
2025-02-17,0.0,0.0,0.0,0.0
2025-02-18,0.0,0.0,0.0,0.0
2025-02-19,0.250712429884737,0.2484359616299674,0.2511921579163428,0.24965945056895283
2025-02-20,0.0,0.0,0.0,0.0
2025-02-21,0.0,0.0,0.0,0.0
2025-02-25,0.0,0.0,0.0,0.0
2025-02-26,0.0,0.0,0.0,0.0
2025-02-27,0.0,0.0,0.0,0.0
2025-02-28,0.0,0.0,0.0,0.0
2025-03-03,0.0,0.0,0.0,0.0
2025-03-04,0.0,0.0,0.0,0.0
2025-03-05,0.0,0.0,0.0,0.0
2025-03-06,0.0,0.0,0.0,0.0
2025-03-07,0.0,0.0,0.0,0.0
2025-03-10,0.0,0.0,0.0,0.0
2025-03-11,0.0,0.0,0.0,0.0
2025-03-12,0.0,0.0,0.0,0.0
2025-03-13,0.0,0.0,0.0,0.0
2025-03-14,0.0,0.0,0.0,0.0
2025-03-17,0.0,0.0,0.0,0.0
2025-03-18,0.0,0.0,0.0,0.0
2025-03-19,0.0,0.0,0.0,0.0
2025-03-21,0.0,0.0,0.0,0.0
2025-03-24,0.0,0.0,0.0,0.0
2025-03-25,0.0,0.0,0.0,0.0
2025-03-26,0.0,0.0,0.0,0.0
2025-03-27,0.0,0.0,0.0,0.0
2025-03-28,0.0,0.0,0.0,0.0
2025-03-31,0.0,0.0,0.0,0.0
2025-04-01,0.0,0.0,0.0,0.0
2025-04-02,0.0,0.0,0.0,0.0
2025-04-03,0.0,0.0,0.0,0.0
2025-04-04,0.0,0.0,0.0,0.0
2025-04-07,0.0,0.0,0.0,0.0
2025-04-08,0.0,0.0,0.0,0.0
2025-04-09,0.0,0.0,0.0,0.0
2025-04-10,0.0,0.0,0.0,0.0
2025-04-11,0.0,0.0,0.0,0.0
2025-04-14,0.0,0.0,0.0,0.0
2025-04-15,0.0,0.0,0.0,0.0
2025-04-16,0.0,0.0,0.0,0.0
2025-04-17,0.0,0.0,0.0,0.0
2025-04-18,0.0,0.0,0.0,0.0
2025-04-21,0.0,0.0,0.0,0.0
2025-04-22,0.0,0.0,0.0,0.0
2025-04-23,0.0,0.0,0.0,0.0
2025-04-24,0.0,0.0,0.0,0.0
2025-04-25,0.0,0.0,0.0,0.0
2025-04-28,0.0,0.0,0.0,0.0
2025-04-30,0.0,0.0,0.0,0.0
2025-05-01,0.0,0.0,0.0,0.0
2025-05-02,0.0,0.0,0.0,0.0
2025-05-07,0.0,0.0,0.0,0.0
2025-05-08,0.0,0.0,0.0,0.0
2025-05-09,0.0,0.0,0.0,0.0
2025-05-12,0.0,0.0,0.0,0.0
2025-05-13,0.0,0.0,0.0,0.0
2025-05-14,0.0,0.0,0.0,0.0
2025-05-15,0.0,0.0,0.0,0.0
2025-05-16,0.0,0.0,0.0,0.0
2025-05-19,0.0,0.0,0.0,0.0
2025-05-20,0.0,0.0,0.0,0.0
2025-05-21,0.2534640006032875,0.2516386677436288,0.25208235055571987,0.24281498109736394
2025-05-22,0.25248805176738953,0.24981859909381243,0.241066971232396,0.2382613320545268
2025-05-23,0.2564754136369813,0.25110170732306336,0.24269060002082332,0.23597000120232103
2025-05-26,0.2615581293223172,0.2522404263557007,0.24115804267479665,0.2345619578447308
2025-05-27,0.2635953970700593,0.25179312777831664,0.24173066570988047,0.23501023498551707
2025-05-28,0.27003064788883596,0.2479553486803755,0.2407397691881875,0.23541146883740732
2025-05-29,0.27226140884442557,0.24733906003879336,0.23987091285593376,0.23601099403496192
2025-05-30,0.27919372988026,0.24527886292583287,0.23870679924178598,0.2329942603989184
2025-06-02,0.27663636542833464,0.24337668224930029,0.23958505984116904,0.2372291868514263
2025-06-03,0.27936129997789727,0.2401712569531456,0.2384149123758177,0.23956802824673584
2025-06-04,0.2802641141562481,0.24042335657538458,0.2364392524246142,0.24106436871653816
2025-06-05,0.2805586050828945,0.24122488580695173,0.23500220938856115,0.24138619007445786
2025-06-06,0.2810070446787904,0.23917505795995284,0.23548881733543675,0.2425153768035775
2025-06-09,0.28066810991924984,0.24156664177418724,0.23725570366268353,0.2386968852749505
2025-06-10,0.27816513943688853,0.24099702553843003,0.23904098136649526,0.2399854935784081
2025-06-11,0.27862821988692843,0.24183047478442415,0.2383793101684767,0.23933949881580385
2025-06-12,0.2771751391253587,0.24288342269254073,0.2408962681155658,0.23722636370627798
2025-06-13,0.2778206149791231,0.24387981998682204,0.2388679895978048,0.23759439231553234
2025-06-16,0.2758644232587754,0.24288943115106115,0.23803728344488218,0.24138814574774206
2025-06-17,0.27372755290048767,0.24436129879545562,0.23822799491672605,0.24185888633857755
2025-06-18,0.27570040998273165,0.2439208657959428,0.24107006018060864,0.23930866404071682
2025-06-19,0.2749804590696215,0.24179372118334216,0.2396629875238421,0.23409036558848265
2025-06-20,0.27672547209399717,0.2405396265028001,0.23968160493320553,0.23548259671871152
2025-06-23,0.2747445532806769,0.2418692011439695,0.2403428740989783,0.2374704212415029
2025-06-24,0.2767086202252616,0.24242950988398487,0.2383123663725197,0.2382921187677382
2025-06-25,0.277634893437332,0.24116204686449227,0.23803845445176694,0.23953556209660978
2025-06-26,0.2774503774598778,0.24139959662670518,0.2364494345742346,0.2417251643844484
2025-06-27,0.2782195144451805,0.24341829656293168,0.23618070080725215,0.23988580368199633
2025-06-30,0.27982168626752196,0.24393611942358015,0.2346812274919713,0.23929704084438114
2025-07-01,0.28007839431954723,0.24353662954907188,0.2368092022683548,0.23729346875719265
2025-07-02,0.28215176229411876,0.24551007200498293,0.2336355724105242,0.23644183604576532
2025-07-03,0.28258751164165336,0.24443076430041433,0.23464688219122343,0.23605298380403492
2025-07-04,0.28217108438161526,0.24664033425679122,0.23513305493785294,0.23377110888905697
2025-07-07,0.2842285894079953,0.2463972630755371,0.23415595541916145,0.2329378612282087
2025-07-08,0.28736662230529286,0.24538815105205863,0.23460018919917836,0.23034397551369296
2025-07-09,0.28488756632064927,0.24648983858920648,0.23573953923854565,0.23057963971257822
2025-07-10,0.28543643773334854,0.24640528755633034,0.2362974842253883,0.2295302511146666
2025-07-11,0.28270494073157193,0.2427263203372257,0.23778008697548675,0.23448343606802174
2025-07-14,0.28082753802056565,0.2433342043500037,0.2415611829779475,0.23195987045308683
2025-07-15,0.27910622747632524,0.24363379622773063,0.24333671901516934,0.2316079897776571
2025-07-16,0.2792045035238772,0.24447556873866363,0.24230359064293525,0.234016337094524
2025-07-17,0.28362693744271833,0.25067057559388317,0.248726678914069,0.21462616864854886
2025-07-18,0.287633907645617,0.2535984250042999,0.2486754043649665,0.20839606076596648
2025-07-22,0.2868538127508966,0.2518461341117136,0.24954698948164677,0.2100513121087289
2025-07-23,0.2879153336016246,0.2537108881544656,0.24544021599809102,0.21124687785800939
2025-07-24,0.2864336999864919,0.2544765909676383,0.24289789930716602,0.2145225963503148
2025-07-25,0.2873576937919614,0.2548251183491285,0.24263696518236794,0.21349901884898775
2025-07-28,0.28678331040334043,0.251655409653395,0.24528257263736536,0.2145931062556117
2025-07-29,0.28698927615559827,0.2526951258968639,0.2456003881977942,0.2130250492792777
2025-07-30,0.28680903052618384,0.2519848832616568,0.24656873301693527,0.21295160097203172
2025-07-31,0.28716566034626884,0.2524354553139709,0.2463137455944519,0.21241165980425436
2025-08-01,0.28515659387283554,0.2501669213477737,0.2543836336456944,0.2086651896257314
2025-08-04,0.28540746288278523,0.2442440905896702,0.258868047252375,0.20982151187889195
2025-08-05,0.28453176768285576,0.24887096338012865,0.2573532289257991,0.20760310408827218
2025-08-06,0.2806379317487051,0.2474880964715594,0.26071373871652853,0.2095290678400098
2025-08-07,0.2826746009263735,0.24659975219563415,0.25964005005750046,0.20947828839747495
2025-08-08,0.28533927829477995,0.24839109957146063,0.2584099983191756,0.20627265523401778
2025-08-12,0.2879393757741795,0.25076362996299406,0.2580015066608873,0.20172353220722397
2025-08-13,0.28771215767887254,0.25162573762790374,0.257152594869989,0.20193783058271744
2025-08-14,0.2891777114593189,0.24867290165479536,0.2576784097422303,0.2028825160212328
2025-08-15,0.28896642302821895,0.2510677709457526,0.2543797113027334,0.20558609472329506
2025-08-18,0.29073216587819645,0.24263817789547204,0.2334829972476059,0.20037236054703494
2025-08-19,0.3007241985757854,0.23992150723881872,0.23520016044623798,0.20105402441943593
2025-08-20,0.304840290824411,0.24032035509372643,0.23936179496897209,0.19932534825100398
2025-08-21,0.30844804510249246,0.2431457911654843,0.23818543270811632,0.1987252749618535
2025-08-22,0.3101713608479316,0.24322790445521894,0.2379506246133514,0.20057597434211763
2025-08-25,0.311889749345548,0.2419100682291736,0.2378698333146164,0.20216761377325154
2025-08-26,0.3115581500424106,0.24137755159411642,0.23974994493205357,0.20241804055133092
2025-08-27,0.31509551251852935,0.24102539947552837,0.2393449912185661,0.20097984445406283
2025-08-28,0.31453772125225665,0.2428661024566086,0.2402376337498058,0.1994798831482468
2025-08-29,0.314963640482544,0.2414170823949636,0.24051531945445295,0.20087663010099616
2025-09-01,0.3172493965636721,0.24232308539421749,0.2381260895936396,0.20075825826039476
2025-09-02,0.3192103077920617,0.24196110906917867,0.23700025066681193,0.2002931138226561
2025-09-03,0.3181072393542936,0.23912572348906158,0.23916994691044774,0.2020448350036187
2025-09-04,0.3193547687710944,0.23774305820931319,0.23957404215920713,0.20178545981825102
2025-09-05,0.3193966011766477,0.23650000857011932,0.24092833270649025,0.20163315350443156
2025-09-08,0.31766107341170646,0.23491950588395336,0.24229977471354175,0.2035822574810367
2025-09-09,0.31916086788728315,0.23470871027829324,0.24140379780318777,0.20317611856058262
2025-09-10,0.3233580732388065,0.23135184653403681,0.2396240737657094,0.20412530152859862
2025-09-11,0.322592153471605,0.23172429641294962,0.24008184862874718,0.2040684482076708
2025-09-12,0.32231570297556666,0.23288373305942567,0.2397670894030845,0.20503347456192328
2025-09-16,0.32134879496391455,0.23239432508263722,0.24024686830613262,0.20447602733563086
2025-09-17,0.32077427547704235,0.23411988681134993,0.23946413852737586,0.20411045738751352
2025-09-18,0.31910774363909133,0.23273415079468188,0.24021262031431967,0.2064117196147988
2025-09-19,0.3173590258322065,0.2317551902723058,0.24263377340923253,0.2067083070375307
2025-09-22,0.31849599647159615,0.22904622588249682,0.24288929677095297,0.2080212053954151
2025-09-24,0.31643277969470196,0.23010153913859166,0.2430938442111926,0.2088316640925216
2025-09-25,0.31686844449802654,0.22810591193284038,0.24468903102973708,0.20879821634117204
2025-09-26,0.31604485137804933,0.22674027177179046,0.2476049081302967,0.20808328652215385
2025-09-29,0.3171506608354957,0.2274028052397511,0.2465417100562713,0.2073624482680118
2025-09-30,0.3168515387562171,0.22582462301179376,0.24798476453216983,0.20779118033535948
2025-10-01,0.31912365182502933,0.22488975612899953,0.24785619736677486,0.20657240867760965
2025-10-02,0.31908747158087447,0.2256602441451408,0.247217925844027,0.20645719097166662
2025-10-03,0.3164654281332586,0.2243089217565824,0.251258110100766,0.2064205329719956
2025-10-06,0.31823209753282233,0.22482083224486196,0.25042786015419466,0.2049795016530932
2025-10-07,0.31685466659294564,0.22867964000188548,0.2481107342433324,0.2048110426358332
2025-10-08,0.3154355435255931,0.22536459558465063,0.2505173571023889,0.2071325105356132
2025-10-09,0.31364461799367077,0.22942196555350697,0.24855968847047386,0.20682447645892113
2025-10-10,0.3163361444955915,0.22768054520103367,0.2528252415719376,0.20159347719261392
2025-10-14,0.3132629611183488,0.22779956571240312,0.25166361411435145,0.20571835936766653
2025-10-15,0.31551297207023493,0.22663794352425595,0.25138593047298446,0.20646315393252468
2025-10-16,0.3185067587011882,0.2234937079233797,0.23035479517060586,0.1973883693645782
2025-10-17,0.32952822218511635,0.22314121923007785,0.2305843687019964,0.19614377019738471
2025-10-20,0.33474465947039617,0.22570136592968712,0.22909490038708744,0.19676393293187536
2025-10-21,0.34010373384144055,0.2273446165409771,0.22667149916123774,0.19626479120806806
2025-10-22,0.34163464093799584,0.2272204015411202,0.2258162773348189,0.19843495376969172
2025-10-23,0.3430710877188955,0.22688012536924845,0.22711320362623993,0.19807326680742757
2025-10-24,0.3462907521649041,0.2270839631094715,0.22665424290545824,0.1964402655403925
2025-10-27,0.34897174299961486,0.22769147919151553,0.22593397387175634,0.19458110732566264
2025-10-28,0.3488951406713437,0.2287264317828856,0.2270735760306152,0.1931416294186214
2025-10-29,0.3510348115878372,0.2298582660954315,0.22651568687691587,0.1910899660610532
2025-10-30,0.34753535764895105,0.23098201579039815,0.2264576930436381,0.19352922920857235
2025-10-31,0.3409144900444948,0.2267512563714131,0.2415314975668765,0.18933832494234037
2025-11-04,0.33871708945996504,0.22898588345032495,0.24086875892676338,0.18994518758585677
2025-11-05,0.330330696740922,0.23048288407777323,0.24805195225327895,0.18963803265841772
2025-11-06,0.3285127817091315,0.23036668876282412,0.24942507354666701,0.19021219468707723
2025-11-07,0.3235033233513648,0.23631451038468007,0.24830025705542064,0.1904260961858688
2025-11-10,0.3217627514240567,0.23955365076131166,0.24632686984150107,0.19091066054122
2025-11-11,0.32186408555576035,0.23954825182824854,0.24615712556062794,0.1909935058273152
2025-11-12,0.32047927378841823,0.2397776947621951,0.24870500884044686,0.18960717416997563
2025-11-13,0.3203733265149548,0.23809282121713987,0.24912722764083048,0.19240662462707497
2025-11-14,0.31927808195988583,0.23853616154721347,0.22739570598597542,0.19191666297379728
2025-11-17,0.3290150634671981,0.23822788522148314,0.22679937271066078,0.19059533254432032
2025-11-18,0.33407537884806754,0.23906346961789554,0.22605991784335974,0.19040274649465835
2025-11-19,0.33525910625566074,0.23766915363261512,0.22588161730991274,0.19393643642376182
2025-11-20,0.334103783282713,0.23685055676810043,0.22713753562732625,0.1965658388756569
2025-11-21,0.33578984493343444,0.23852975838175117,0.2249316419000979,0.1966722866106127
2025-11-25,0.3373531853972818,0.2370090904737187,0.2250496535865389,0.19770550710954918
2025-11-26,0.3381147894034,0.235911834040927,0.22664055891961468,0.1971074147279484
2025-11-27,0.3377677834171546,0.236087439296261,0.2287132337263845,0.19581741976740133
2025-11-28,0.340020209210803,0.23478416810265576,0.22754894815773102,0.19603638798937967
2025-12-01,0.34134833833205513,0.23223955811591115,0.22835989957259736,0.19643562761255248
2025-12-02,0.33976428983839985,0.23318697960026713,0.22942396373570437,0.19601465877480473
2025-12-03,0.34137929279471635,0.23404452817100732,0.22800447177690553,0.19494348846294238
2025-12-04,0.3416134707470285,0.23451895574426398,0.22508544318622858,0.19716221888305832
2025-12-05,0.34100401415369075,0.23708532138725713,0.22606322076732596,0.19421256029629383
2025-12-08,0.34214799655953054,0.23770748221488017,0.22674587715554598,0.1917625285628996
2025-12-09,0.340687831184264,0.23790554189310698,0.22792938935746565,0.19184280814278593
2025-12-10,0.34197573558234223,0.23716467984553935,0.2270920379194032,0.1921469587877885
2025-12-11,0.3415789228582791,0.23732136220962935,0.2241835461084074,0.19529119958505328
2025-12-12,0.3418893820953533,0.23538298015473136,0.22374996432066394,0.1989776734292514
2025-12-15,0.3382944805177279,0.23577462919569703,0.20263698651821987,0.20068548035788294
2025-12-16,0.34583836667713325,0.23640376330111446,0.20237519602190746,0.20009279995843124
2025-12-17,0.351676989256546,0.23511206507511404,0.20286135669428235,0.19992563041839273
2025-12-18,0.3561517207605479,0.23461219708050277,0.19966007149980083,0.20290471097231969
2025-12-19,0.3592072029490661,0.23473675039291889,0.20001967996904854,0.20120714813117135
2025-12-22,0.35799045602357277,0.2352517489852999,0.2007389117789143,0.20239795391289442
2025-12-23,0.3595844425709811,0.23662795617729626,0.1994398995152563,0.2019773176219006
2025-12-24,0.3605679098337792,0.2351380891506348,0.1999903894400499,0.20254628871403502
2025-12-25,0.3605876908302341,0.23509984372774062,0.19890959912177683,0.20426582417127187
2025-12-26,0.3631090770006525,0.23571261608716979,0.19734324079245275,0.20270521491358756
2025-12-29,0.36301999596346435,0.2331639370391697,0.19887718711634178,0.2038078814501773
2025-12-30,0.3630641316079321,0.2337034265865462,0.19908345668573824,0.2030113936808282
2026-01-05,0.3642415990028033,0.23395509860169483,0.19733505864064335,0.20333984262873248
2026-01-06,0.36643398373015956,0.23305026070343013,0.19742496582542304,0.20196407356339613
2026-01-07,0.3667159826994403,0.23180118558401433,0.19799046923067307,0.20235415499958156
2026-01-08,0.36362280705776856,0.23050336042970015,0.2024431741094662,0.20229203852282251
2026-01-09,0.3636114902396765,0.22955501015711216,0.20242967508647783,0.20327454342440343
2026-01-13,0.36379523640637934,0.23379081831163243,0.20373317110955524,0.19754736045941376
2026-01-14,0.36177046716646943,0.2333544130674355,0.20320590510539852,0.20054494461222053
2026-01-15,0.36581535609390087,0.22856000557007547,0.20425060756672572,0.20137403076929805
2026-01-16,0.36419596574969254,0.22967951601978906,0.18293617040851093,0.19082135016749846
2026-01-19,0.3732187990400578,0.22915314603841183,0.17980904254275926,0.1975163311002729
2026-01-20,0.3813308616375641,0.22842058909366622,0.17907558910629373,0.19838751163875826
2026-01-21,0.38663962622102604,0.23023041504616637,0.18007908095763078,0.19504254865214657
2026-01-22,0.3905100483057639,0.23062302732855466,0.17978311056652063,0.19411496696465705
2026-01-23,0.3945642134483284,0.23143427525078658,0.17825761200299237,0.19263768007467497
2026-01-26,0.39645893172217495,0.23162568613722348,0.17751347609967658,0.1918996958167072
2026-01-27,0.39646095570942264,0.23101732028196145,0.17882417668014694,0.19180128099789354
2026-01-28,0.3971006504434366,0.23201256028235398,0.17749691574950846,0.1921111827648123
2026-01-29,0.3952403921134404,0.23026128510593655,0.1797153364554442,0.19349949306296174
