symbol,target_weight,family,family_score,weighted_contribution,factor_count_configured,factor_count_active,is_active_in_mode
4755.T,0.1642071193224596,fundamental,0.0,0.0,10,7,True
5401.T,0.1231196549675216,fundamental,0.0,0.0,10,7,True
7201.T,0.0787084925111964,fundamental,0.0,0.0,10,7,True
9434.T,0.0429430285058457,fundamental,0.0,0.0,10,7,True
9432.T,0.030810501810467,fundamental,0.0,0.0,10,7,True
5411.T,0.0,fundamental,0.0,0.0,10,7,True
7751.T,0.0,fundamental,0.0,0.0,10,7,True
7733.T,0.0,fundamental,0.0,0.0,10,7,True
5020.T,0.0,fundamental,0.0,0.0,10,7,True
9202.T,0.0,fundamental,0.0,0.0,10,7,True
6988.T,0.0,fundamental,0.0,0.0,10,7,True
2503.T,0.0,fundamental,0.0,0.0,10,7,True
8830.T,0.0,fundamental,0.0,0.0,10,7,True
7832.T,0.0,fundamental,0.0,0.0,10,7,True
6506.T,0.0,fundamental,0.0,0.0,10,7,True
9020.T,0.0,fundamental,0.0,0.0,10,7,True
3659.T,0.0,fundamental,0.0,0.0,10,7,True
8697.T,0.0,fundamental,0.0,0.0,10,7,True
6326.T,0.0,fundamental,0.0,0.0,10,7,True
9503.T,0.0,fundamental,0.0,0.0,10,7,True
2502.T,0.0,fundamental,0.0,0.0,10,7,True
9502.T,0.0,fundamental,0.0,0.0,10,7,True
9501.T,0.0,fundamental,0.0,0.0,10,7,True
6723.T,0.0,fundamental,0.0,0.0,10,7,True
9201.T,0.0,fundamental,0.0,0.0,10,7,True
8306.T,0.0,fundamental,0.0,0.0,10,7,True
7011.T,0.0,fundamental,0.0,0.0,10,7,True
3382.T,0.0,fundamental,0.0,0.0,10,7,True
6758.T,0.0,fundamental,0.0,0.0,10,7,True
7203.T,0.0,fundamental,0.0,0.0,10,7,True
6501.T,0.0,fundamental,0.0,0.0,10,7,True
1605.T,0.0,fundamental,0.0,0.0,10,7,True
7267.T,0.0,fundamental,0.0,0.0,10,7,True
6702.T,0.0,fundamental,0.0,0.0,10,7,True
8001.T,0.0,fundamental,0.0,0.0,10,7,True
4568.T,0.0,fundamental,0.0,0.0,10,7,True
9433.T,0.0,fundamental,0.0,0.0,10,7,True
9107.T,0.0,fundamental,0.0,0.0,10,7,True
6752.T,0.0,fundamental,0.0,0.0,10,7,True
8591.T,0.0,fundamental,0.0,0.0,10,7,True
7269.T,0.0,fundamental,0.0,0.0,10,7,True
4901.T,0.0,fundamental,0.0,0.0,10,7,True
8725.T,0.0,fundamental,0.0,0.0,10,7,True
8801.T,0.0,fundamental,0.0,0.0,10,7,True
4503.T,0.0,fundamental,0.0,0.0,10,7,True
8802.T,0.0,fundamental,0.0,0.0,10,7,True
8604.T,0.0,fundamental,0.0,0.0,10,7,True
8267.T,0.0,fundamental,0.0,0.0,10,7,True
7270.T,0.0,fundamental,0.0,0.0,10,7,True
4661.T,0.0,fundamental,0.0,0.0,10,7,True
7201.T,0.0787084925111964,price,0.3703405733659502,0.029148948245366072,15,15,True
5411.T,0.0,price,-0.49422368971621206,-0.0,15,15,True
7751.T,0.0,price,-0.7057118921072694,-0.0,15,15,True
7733.T,0.0,price,-0.8529218739383545,-0.0,15,15,True
5020.T,0.0,price,0.7406677554144415,0.0,15,15,True
9202.T,0.0,price,-0.3707715098486254,-0.0,15,15,True
6988.T,0.0,price,-0.48090228890719605,-0.0,15,15,True
2503.T,0.0,price,0.43225672088744,0.0,15,15,True
8830.T,0.0,price,0.380469498929781,0.0,15,15,True
7832.T,0.0,price,-0.2669193711132991,-0.0,15,15,True
6506.T,0.0,price,-0.18072735500927453,-0.0,15,15,True
9020.T,0.0,price,-0.30581522133894423,-0.0,15,15,True
3659.T,0.0,price,-0.018724389752002066,-0.0,15,15,True
8697.T,0.0,price,0.7506684008955793,0.0,15,15,True
6326.T,0.0,price,0.4632556186562205,0.0,15,15,True
9503.T,0.0,price,-0.3130077950191422,-0.0,15,15,True
2502.T,0.0,price,-0.49455254932799014,-0.0,15,15,True
9502.T,0.0,price,0.48957909694769214,0.0,15,15,True
9501.T,0.0,price,-0.17657130192854992,-0.0,15,15,True
6723.T,0.0,price,0.2153489853363024,0.0,15,15,True
9201.T,0.0,price,-0.5447835042639366,-0.0,15,15,True
8306.T,0.0,price,0.08009004505594917,0.0,15,15,True
7011.T,0.0,price,0.40024385004158025,0.0,15,15,True
3382.T,0.0,price,-0.23950288330726546,-0.0,15,15,True
6758.T,0.0,price,-0.2486522398619638,-0.0,15,15,True
7203.T,0.0,price,0.35605685859356595,0.0,15,15,True
6501.T,0.0,price,-0.11199570555753573,-0.0,15,15,True
1605.T,0.0,price,1.4298561762142135,0.0,15,15,True
7267.T,0.0,price,-0.23859581469312807,-0.0,15,15,True
6702.T,0.0,price,0.27782062445420036,0.0,15,15,True
8001.T,0.0,price,0.1375889189384327,0.0,15,15,True
4568.T,0.0,price,-0.727049989642534,-0.0,15,15,True
9433.T,0.0,price,0.6850261700915105,0.0,15,15,True
9107.T,0.0,price,0.9052349617074609,0.0,15,15,True
6752.T,0.0,price,0.9070568886119987,0.0,15,15,True
8591.T,0.0,price,0.6678927399810562,0.0,15,15,True
7269.T,0.0,price,-0.049872293268412284,-0.0,15,15,True
4901.T,0.0,price,-0.5586070104263793,-0.0,15,15,True
8725.T,0.0,price,0.09006813815022584,0.0,15,15,True
8801.T,0.0,price,-0.6133016822121278,-0.0,15,15,True
4503.T,0.0,price,0.4741815211575998,0.0,15,15,True
8802.T,0.0,price,0.23283218328234725,0.0,15,15,True
8604.T,0.0,price,-0.06013493449042098,-0.0,15,15,True
8267.T,0.0,price,-0.5071630633721002,-0.0,15,15,True
7270.T,0.0,price,-0.4379293239979759,-0.0,15,15,True
4661.T,0.0,price,-0.17685927439125837,-0.0,15,15,True
9432.T,0.030810501810467,price,-0.23853058536909635,-0.007349247032366296,15,15,True
9434.T,0.0429430285058457,price,-0.446495584722414,-0.01917387262246887,15,15,True
5401.T,0.1231196549675216,price,-0.33191980287844935,-0.04086585160728247,15,15,True
4755.T,0.1642071193224596,price,-0.29429279625168625,-0.04832497230984094,15,15,True
7201.T,0.0787084925111964,risk_adjusted,0.28713208724159217,0.02259973373837905,4,4,True
5411.T,0.0,risk_adjusted,-0.2410738604174616,-0.0,4,4,True
7751.T,0.0,risk_adjusted,-0.2904010158348962,-0.0,4,4,True
7733.T,0.0,risk_adjusted,-1.6161058488940212,-0.0,4,4,True
5020.T,0.0,risk_adjusted,0.6554485760806977,0.0,4,4,True
9202.T,0.0,risk_adjusted,-0.04947589512740443,-0.0,4,4,True
6988.T,0.0,risk_adjusted,-0.5805362406699988,-0.0,4,4,True
2503.T,0.0,risk_adjusted,0.7133114618984383,0.0,4,4,True
8830.T,0.0,risk_adjusted,0.2254026129024926,0.0,4,4,True
7832.T,0.0,risk_adjusted,-0.06497367764577823,-0.0,4,4,True
6506.T,0.0,risk_adjusted,-0.2286583946211788,-0.0,4,4,True
9020.T,0.0,risk_adjusted,0.16747299638408775,0.0,4,4,True
3659.T,0.0,risk_adjusted,-0.903748852958373,-0.0,4,4,True
8697.T,0.0,risk_adjusted,0.8114522399506264,0.0,4,4,True
6326.T,0.0,risk_adjusted,0.5611527663254692,0.0,4,4,True
9503.T,0.0,risk_adjusted,-0.3390391137562347,-0.0,4,4,True
2502.T,0.0,risk_adjusted,0.4585455947762106,0.0,4,4,True
9502.T,0.0,risk_adjusted,1.0332247021755192,0.0,4,4,True
9501.T,0.0,risk_adjusted,-0.6941855884192845,-0.0,4,4,True
6723.T,0.0,risk_adjusted,0.555929013134171,0.0,4,4,True
9201.T,0.0,risk_adjusted,-0.7204268970109042,-0.0,4,4,True
8306.T,0.0,risk_adjusted,0.19236275567830025,0.0,4,4,True
7011.T,0.0,risk_adjusted,0.3818186628850627,0.0,4,4,True
3382.T,0.0,risk_adjusted,-0.4976956256444079,-0.0,4,4,True
6758.T,0.0,risk_adjusted,-0.8408083450063228,-0.0,4,4,True
7203.T,0.0,risk_adjusted,0.6978201037676479,0.0,4,4,True
6501.T,0.0,risk_adjusted,-0.31572475488915186,-0.0,4,4,True
1605.T,0.0,risk_adjusted,0.5974412402076613,0.0,4,4,True
7267.T,0.0,risk_adjusted,0.2076855823844687,0.0,4,4,True
6702.T,0.0,risk_adjusted,-0.37938796165582106,-0.0,4,4,True
8001.T,0.0,risk_adjusted,0.3666985344926956,0.0,4,4,True
4568.T,0.0,risk_adjusted,-0.22328564212513313,-0.0,4,4,True
9433.T,0.0,risk_adjusted,0.5988755055921695,0.0,4,4,True
9107.T,0.0,risk_adjusted,1.289715255560194,0.0,4,4,True
6752.T,0.0,risk_adjusted,1.222690059211092,0.0,4,4,True
8591.T,0.0,risk_adjusted,0.4522340923516258,0.0,4,4,True
7269.T,0.0,risk_adjusted,-0.22321767936674863,-0.0,4,4,True
4901.T,0.0,risk_adjusted,-0.678782588162326,-0.0,4,4,True
8725.T,0.0,risk_adjusted,0.7773876487880622,0.0,4,4,True
8801.T,0.0,risk_adjusted,-0.5130077824055359,-0.0,4,4,True
4503.T,0.0,risk_adjusted,0.8615457397336932,0.0,4,4,True
8802.T,0.0,risk_adjusted,0.2876051695030436,0.0,4,4,True
8604.T,0.0,risk_adjusted,-0.17625908350946295,-0.0,4,4,True
8267.T,0.0,risk_adjusted,-0.9979921238223949,-0.0,4,4,True
7270.T,0.0,risk_adjusted,-0.9694200940269603,-0.0,4,4,True
4661.T,0.0,risk_adjusted,0.3469850673528082,0.0,4,4,True
9432.T,0.030810501810467,risk_adjusted,-0.26154828156370896,-0.008058433802643188,4,4,True
9434.T,0.0429430285058457,risk_adjusted,-0.33732722402846027,-0.014485852597251967,4,4,True
5401.T,0.1231196549675216,risk_adjusted,-0.617368922548541,-0.07601024873184693,4,4,True
4755.T,0.1642071193224596,risk_adjusted,-0.9894859742673178,-0.16248064144441363,4,4,True
