date,7267.T,9501.T,5401.T,8604.T,9432.T,4755.T,5020.T,7201.T,9434.T,7733.T,4005.T,7261.T,2801.T,7211.T,6471.T
2022-04-20,0.06126143645695764,0.05481487357395356,0.07541034302820042,0.07757202553736618,0.060539696023835486,0.07367822921052619,0.07190261364633173,0.05964041519985637,0.05412817511609978,0.06905757330339626,0.07344756345683301,0.07186185309839452,0.06890688358758223,0.05523573203660464,0.072542586724062
2022-04-21,0.0,0.09987590515068877,0.14652411597860002,0.08629089368012974,0.0961540835644083,0.0,0.06762597116779025,0.1062130604198992,0.08322104837944112,0.0,0.11376667023834756,0.0,0.0,0.057396616891833695,0.1429316345288614
2022-04-22,0.0,0.1185642007483011,0.16965965681445516,0.04962913507524408,0.10276980380550838,0.0,0.03747715344722514,0.12605968998393874,0.06238317457764402,0.0,0.1333133571550752,0.0,0.0,0.03376072312220038,0.16638310527040776
2022-04-25,0.0,0.0,0.0,0.0,0.0,0.0,0.0,0.0,0.0,0.0,0.0,0.0,0.0,0.0,0.0
2022-04-26,0.0,0.0,0.0,0.0,0.0,0.0,0.0,0.0,0.0,0.0,0.0,0.0,0.0,0.0,0.0
2022-04-27,0.0,0.0,0.0,0.0,0.0,0.0,0.0,0.0,0.0,0.0,0.0,0.0,0.0,0.0,0.0
2022-04-28,0.0,0.0,0.0,0.0,0.0,0.0,0.0,0.0,0.0,0.0,0.0,0.0,0.0,0.0,0.0
2022-05-02,0.0,0.0,0.0,0.0,0.0,0.0,0.0,0.0,0.0,0.0,0.0,0.0,0.0,0.0,0.0
2022-05-06,0.0,0.0,0.0,0.0,0.0,0.0,0.0,0.0,0.0,0.0,0.0,0.0,0.0,0.0,0.0
2022-05-09,0.0,0.0,0.0,0.0,0.0,0.0,0.0,0.0,0.0,0.0,0.0,0.0,0.0,0.0,0.0
2022-05-10,0.0,0.0,0.0,0.0,0.0,0.0,0.0,0.0,0.0,0.0,0.0,0.0,0.0,0.0,0.0
2022-05-11,0.0,0.0,0.0,0.0,0.0,0.0,0.0,0.0,0.0,0.0,0.0,0.0,0.0,0.0,0.0
2022-05-12,0.0,0.0,0.0,0.0,0.0,0.0,0.0,0.0,0.0,0.0,0.0,0.0,0.0,0.0,0.0
2022-05-13,0.0,0.0,0.0,0.0,0.0,0.0,0.0,0.0,0.0,0.0,0.0,0.0,0.0,0.0,0.0
2022-05-16,0.0,0.0,0.0,0.0,0.0,0.0,0.0,0.0,0.0,0.0,0.0,0.0,0.0,0.0,0.0
2022-05-17,0.0,0.0,0.0,0.0,0.0,0.0,0.0,0.0,0.0,0.0,0.0,0.0,0.0,0.0,0.0
2022-05-18,0.0,0.0,0.0,0.0,0.0,0.0,0.0,0.0,0.0,0.0,0.0,0.0,0.0,0.0,0.0
2022-05-19,0.0,0.0,0.0,0.0,0.0,0.0,0.0,0.0,0.0,0.0,0.0,0.0,0.0,0.0,0.0
2022-05-20,0.0,0.0,0.0,0.0,0.0,0.0,0.0,0.0,0.0,0.0,0.0,0.0,0.0,0.0,0.0
2022-05-23,0.0,0.0,0.0,0.0,0.0,0.0,0.0,0.0,0.0,0.0,0.0,0.0,0.0,0.0,0.0
2022-05-24,0.0643171710068485,0.0657836334745875,0.06589846079097686,0.07191012626399265,0.07282402963439494,0.06630428675476507,0.0720534290049374,0.05069324184158845,0.07463282538014188,0.06489770951450448,0.06525383072779987,0.0627297061444766,0.0690289363303891,0.06617778544167473,0.06749482768892195
2022-05-25,0.0,0.10513675338488836,0.06751352934825809,0.07530702120254522,0.15241914983527088,0.0,0.06924976735776601,0.08228520356946813,0.13940369822763807,0.0,0.09485724764005288,0.0,0.0,0.07751218560074666,0.13631544383336575
2022-05-26,0.0,0.0,0.0,0.0,0.0,0.0,0.0,0.0,0.0,0.0,0.0,0.0,0.0,0.0,0.0
2022-05-27,0.0,0.0,0.0,0.0,0.0,0.0,0.0,0.0,0.0,0.0,0.0,0.0,0.0,0.0,0.0
2022-05-30,0.0,0.0,0.0,0.0,0.0,0.0,0.0,0.0,0.0,0.0,0.0,0.0,0.0,0.0,0.0
2022-05-31,0.0,0.0,0.0,0.0,0.0,0.0,0.0,0.0,0.0,0.0,0.0,0.0,0.0,0.0,0.0
2022-06-01,0.0,0.0,0.0,0.0,0.0,0.0,0.0,0.0,0.0,0.0,0.0,0.0,0.0,0.0,0.0
2022-06-02,0.0,0.0,0.0,0.0,0.0,0.0,0.0,0.0,0.0,0.0,0.0,0.0,0.0,0.0,0.0
2022-06-03,0.0,0.0,0.0,0.0,0.0,0.0,0.0,0.0,0.0,0.0,0.0,0.0,0.0,0.0,0.0
2022-06-06,0.0,0.0,0.0,0.0,0.0,0.0,0.0,0.0,0.0,0.0,0.0,0.0,0.0,0.0,0.0
2022-06-07,0.0,0.0,0.0,0.0,0.0,0.0,0.0,0.0,0.0,0.0,0.0,0.0,0.0,0.0,0.0
2022-06-08,0.0,0.0,0.0,0.0,0.0,0.0,0.0,0.0,0.0,0.0,0.0,0.0,0.0,0.0,0.0
2022-06-09,0.0,0.0,0.0,0.0,0.0,0.0,0.0,0.0,0.0,0.0,0.0,0.0,0.0,0.0,0.0
2022-06-10,0.0,0.0,0.0,0.0,0.0,0.0,0.0,0.0,0.0,0.0,0.0,0.0,0.0,0.0,0.0
2022-06-13,0.0,0.0,0.0,0.0,0.0,0.0,0.0,0.0,0.0,0.0,0.0,0.0,0.0,0.0,0.0
2022-06-14,0.0,0.0,0.0,0.0,0.0,0.0,0.0,0.0,0.0,0.0,0.0,0.0,0.0,0.0,0.0
2022-06-15,0.0,0.0,0.0,0.0,0.0,0.0,0.0,0.0,0.0,0.0,0.0,0.0,0.0,0.0,0.0
2022-06-16,0.0,0.0,0.0,0.0,0.0,0.0,0.0,0.0,0.0,0.0,0.0,0.0,0.0,0.0,0.0
2022-06-17,0.0,0.0,0.0,0.0,0.0,0.0,0.0,0.0,0.0,0.0,0.0,0.0,0.0,0.0,0.0
2022-06-20,0.0,0.0,0.0,0.0,0.0,0.0,0.0,0.0,0.0,0.0,0.0,0.0,0.0,0.0,0.0
2022-06-21,0.0,0.0,0.0,0.0,0.0,0.0,0.0,0.0,0.0,0.0,0.0,0.0,0.0,0.0,0.0
2022-06-22,0.0,0.0,0.0,0.0,0.0,0.0,0.0,0.0,0.0,0.0,0.0,0.0,0.0,0.0,0.0
2022-06-23,0.0,0.0,0.0,0.0,0.0,0.0,0.0,0.0,0.0,0.0,0.0,0.0,0.0,0.0,0.0
2022-06-24,0.0,0.0,0.0,0.0,0.0,0.0,0.0,0.0,0.0,0.0,0.0,0.0,0.0,0.0,0.0
2022-06-27,0.0,0.0,0.0,0.0,0.0,0.0,0.0,0.0,0.0,0.0,0.0,0.0,0.0,0.0,0.0
2022-06-28,0.0,0.0,0.0,0.0,0.0,0.0,0.0,0.0,0.0,0.0,0.0,0.0,0.0,0.0,0.0
2022-06-29,0.0,0.0,0.0,0.0,0.0,0.0,0.0,0.0,0.0,0.0,0.0,0.0,0.0,0.0,0.0
2022-06-30,0.0,0.0,0.0,0.0,0.0,0.0,0.0,0.0,0.0,0.0,0.0,0.0,0.0,0.0,0.0
2022-07-01,0.0,0.0,0.0,0.0,0.0,0.0,0.0,0.0,0.0,0.0,0.0,0.0,0.0,0.0,0.0
2022-07-04,0.0,0.0,0.0,0.0,0.0,0.0,0.0,0.0,0.0,0.0,0.0,0.0,0.0,0.0,0.0
2022-07-05,0.0,0.0,0.0,0.0,0.0,0.0,0.0,0.0,0.0,0.0,0.0,0.0,0.0,0.0,0.0
2022-07-06,0.0,0.0,0.0,0.0,0.0,0.0,0.0,0.0,0.0,0.0,0.0,0.0,0.0,0.0,0.0
2022-07-07,0.0,0.0,0.0,0.0,0.0,0.0,0.0,0.0,0.0,0.0,0.0,0.0,0.0,0.0,0.0
2022-07-08,0.0,0.0,0.0,0.0,0.0,0.0,0.0,0.0,0.0,0.0,0.0,0.0,0.0,0.0,0.0
2022-07-11,0.0,0.0,0.0,0.0,0.0,0.0,0.0,0.0,0.0,0.0,0.0,0.0,0.0,0.0,0.0
2022-07-12,0.0,0.0,0.0,0.0,0.0,0.0,0.0,0.0,0.0,0.0,0.0,0.0,0.0,0.0,0.0
2022-07-13,0.0,0.0,0.0,0.0,0.0,0.0,0.0,0.0,0.0,0.0,0.0,0.0,0.0,0.0,0.0
2022-07-14,0.0,0.0,0.0,0.0,0.0,0.0,0.0,0.0,0.0,0.0,0.0,0.0,0.0,0.0,0.0
2022-07-15,0.0,0.0,0.0,0.0,0.0,0.0,0.0,0.0,0.0,0.0,0.0,0.0,0.0,0.0,0.0
2022-07-19,0.0,0.0,0.0,0.0,0.0,0.0,0.0,0.0,0.0,0.0,0.0,0.0,0.0,0.0,0.0
2022-07-20,0.0603369630604491,0.07450685325834125,0.06665609646121366,0.0719508288186802,0.07106863354965876,0.05851884298379382,0.07165006291178139,0.06778522004084025,0.06219350473333737,0.04851767806843485,0.07031361174724962,0.06961932305322532,0.06974177434654982,0.07090391214171951,0.0662366948247251
2022-07-21,0.0,0.12834367328622778,0.13129145787649904,0.09964893045547883,0.12354252582141527,0.0,0.10081227778450962,0.11190562857367113,0.10492566381901194,0.0,0.1078448640410007,0.0,0.0,0.0916849783421858,0.0
2022-07-22,0.0,0.0,0.16146334003759205,0.12143804355917963,0.15232134958159366,0.0,0.1212058347144426,0.1350132578888714,0.06464923114979253,0.0,0.132126798935936,0.0,0.0,0.11178214413259213,0.0
2022-07-25,0.0,0.0,0.1828939775234144,0.11398881841955315,0.18069569361202834,0.0,0.11530940445929383,0.12761078090308461,0.04923088645629646,0.0,0.12427220919993491,0.0,0.0,0.10599822942639436,0.0
2022-07-26,0.0,0.0,0.18769968218431696,0.11511343458186576,0.21767573699089893,0.0,0.11779339402264308,0.12801275714193797,0.040081280558284985,0.0,0.08483010872099346,0.0,0.0,0.1087936057990589,0.0
2022-07-27,0.0,0.0,0.19732532945755474,0.12191297177089931,0.23954730629799573,0.0,0.12564149142924902,0.13566306878495948,0.03001090935701974,0.0,0.049545286619047994,0.0,0.0,0.10035363628327397,0.0
2022-07-28,0.0,0.0,0.23764467826506658,0.1214293861725449,0.27882121597457965,0.0,0.118039047841693,0.09967057259354282,0.031220839426218935,0.0,0.0,0.0,0.0,0.11317425972635413,0.0
2022-07-29,0.0,0.0,0.2676281510793976,0.11599025023335688,0.318478015789741,0.0,0.1140537081515145,0.04878725170121581,0.030715194893148518,0.0,0.0,0.0,0.0,0.10434742815162579,0.0
2022-08-01,0.0,0.0,0.30445523970076405,0.07692986936725386,0.3657430091837166,0.0,0.1121114254884507,0.0,0.03300724754188484,0.0,0.0,0.0,0.0,0.10775320871792983,0.0
2022-08-02,0.0,0.0,0.32593528871208227,0.03604721753920881,0.3976907747745758,0.0,0.10613025361036116,0.0,0.03136998553388077,0.0,0.0,0.0,0.0,0.10282647982989124,0.0
2022-08-03,0.0,0.0,0.35343349066019536,0.0,0.42489066337608716,0.0,0.10491010088473264,0.0,0.021394125729007056,0.0,0.0,0.0,0.0,0.0953716193499778,0.0
2022-08-04,0.0,0.0,0.3655988497215825,0.0,0.43226691753663093,0.0,0.0971465325835771,0.0,0.010862135027944038,0.0,0.0,0.0,0.0,0.09412556513026543,0.0
2022-08-05,0.0,0.0,0.3985748802689571,0.0,0.4597967405883476,0.0,0.097556934394408,0.0,0.0,0.0,0.0,0.0,0.0,0.04407144474828749,0.0
2022-08-08,0.0,0.0,0.40535323749728625,0.0,0.49547727666964847,0.0,0.09916948583306523,0.0,0.0,0.0,0.0,0.0,0.0,0.0,0.0
2022-08-09,0.0,0.0,0.4156832887350775,0.0,0.5019304637367216,0.0,0.08238624752820087,0.0,0.0,0.0,0.0,0.0,0.0,0.0,0.0
2022-08-10,0.0,0.0,0.4233032907569488,0.0,0.5349558075280835,0.0,0.041740901714967665,0.0,0.0,0.0,0.0,0.0,0.0,0.0,0.0
2022-08-12,0.0,0.0,0.4356152971320639,0.0,0.5643847028679362,0.0,0.0,0.0,0.0,0.0,0.0,0.0,0.0,0.0,0.0
2022-08-15,0.0,0.0,0.42366154486758917,0.0,0.5763384551324109,0.0,0.0,0.0,0.0,0.0,0.0,0.0,0.0,0.0,0.0
2022-08-16,0.0,0.0,0.41867553058253637,0.0,0.5813244694174635,0.0,0.0,0.0,0.0,0.0,0.0,0.0,0.0,0.0,0.0
2022-08-17,0.0,0.0,0.39981431959898794,0.0,0.6001856804010121,0.0,0.0,0.0,0.0,0.0,0.0,0.0,0.0,0.0,0.0
2022-08-18,0.0033461572785728217,0.0041371535610337596,0.28593364216273787,0.004539004598417602,0.6703554452528036,0.006460135159539945,0.004073154927819887,0.0017629301094711151,0.005047438505011398,0.0035144115825413496,0.003531723651152104,0.001689907099610587,0.0015448902921903285,0.0013143275766606852,0.002749678242436981
2022-08-19,0.0,0.0,0.2800147854512232,0.0,0.7199852145487768,0.0,0.0,0.0,0.0,0.0,0.0,0.0,0.0,0.0,0.0
2022-08-22,0.0,0.0,0.2710832719945691,0.0,0.728916728005431,0.0,0.0,0.0,0.0,0.0,0.0,0.0,0.0,0.0,0.0
2022-08-23,0.0,0.0,0.26866862592349094,0.0,0.7313313740765092,0.0,0.0,0.0,0.0,0.0,0.0,0.0,0.0,0.0,0.0
2022-08-24,0.0,0.0,0.17948483837717216,0.0,0.8205151616228279,0.0,0.0,0.0,0.0,0.0,0.0,0.0,0.0,0.0,0.0
2022-08-25,0.0,0.0,0.1303765296904322,0.0,0.8696234703095678,0.0,0.0,0.0,0.0,0.0,0.0,0.0,0.0,0.0,0.0
2022-08-26,0.0,0.0,0.08538120776310626,0.0,0.9146187922368937,0.0,0.0,0.0,0.0,0.0,0.0,0.0,0.0,0.0,0.0
2022-08-29,0.0,0.0,0.06422300119336398,0.0,0.9357769988066361,0.0,0.0,0.0,0.0,0.0,0.0,0.0,0.0,0.0,0.0
2022-08-30,0.0,0.0,0.03250088385183061,0.0,0.9674991161481695,0.0,0.0,0.0,0.0,0.0,0.0,0.0,0.0,0.0,0.0
2022-08-31,0.0,0.0,0.0,0.0,1.0,0.0,0.0,0.0,0.0,0.0,0.0,0.0,0.0,0.0,0.0
2022-09-01,0.0,0.0,0.0,0.0,1.0,0.0,0.0,0.0,0.0,0.0,0.0,0.0,0.0,0.0,0.0
2022-09-02,0.0,0.0,0.0,0.0,1.0,0.0,0.0,0.0,0.0,0.0,0.0,0.0,0.0,0.0,0.0
2022-09-05,0.0,0.0,0.0,0.0,1.0,0.0,0.0,0.0,0.0,0.0,0.0,0.0,0.0,0.0,0.0
2022-09-06,0.0,0.0,0.0,0.0,1.0,0.0,0.0,0.0,0.0,0.0,0.0,0.0,0.0,0.0,0.0
2022-09-07,0.0,0.0,0.0,0.0,1.0,0.0,0.0,0.0,0.0,0.0,0.0,0.0,0.0,0.0,0.0
2022-09-08,0.0,0.0,0.0,0.0,1.0,0.0,0.0,0.0,0.0,0.0,0.0,0.0,0.0,0.0,0.0
2022-09-09,0.0,0.0,0.0,0.0,1.0,0.0,0.0,0.0,0.0,0.0,0.0,0.0,0.0,0.0,0.0
2022-09-12,0.0,0.0,0.0,0.0,1.0,0.0,0.0,0.0,0.0,0.0,0.0,0.0,0.0,0.0,0.0
2022-09-13,0.0,0.0,0.0,0.0,1.0,0.0,0.0,0.0,0.0,0.0,0.0,0.0,0.0,0.0,0.0
2022-09-14,0.0,0.0,0.0,0.0,1.0,0.0,0.0,0.0,0.0,0.0,0.0,0.0,0.0,0.0,0.0
2022-09-15,0.0004184062324084952,0.0011879795982513135,0.0008879277351404582,0.00014593689724652956,0.9925284842630723,0.0021129354376044156,0.0007876111655898128,0.0,0.0,1.0813464227937481e-05,0.0007829957762736783,0.0004429977153089348,0.0006939117148760801,0.0,0.0
2022-09-16,0.0,0.0,0.0,0.0,0.0,0.0,0.0,0.0,0.0,0.0,0.0,0.0,0.0,0.0,0.0
2022-09-20,0.0,0.0,0.0,0.0,0.0,0.0,0.0,0.0,0.0,0.0,0.0,0.0,0.0,0.0,0.0
2022-09-21,0.0,0.0,0.0,0.0,0.0,0.0,0.0,0.0,0.0,0.0,0.0,0.0,0.0,0.0,0.0
2022-09-22,0.0,0.0,0.0,0.0,0.0,0.0,0.0,0.0,0.0,0.0,0.0,0.0,0.0,0.0,0.0
2022-09-26,0.0,0.0,0.0,0.0,0.0,0.0,0.0,0.0,0.0,0.0,0.0,0.0,0.0,0.0,0.0
2022-09-27,0.0,0.0,0.0,0.0,0.0,0.0,0.0,0.0,0.0,0.0,0.0,0.0,0.0,0.0,0.0
2022-09-28,0.0,0.0,0.0,0.0,0.0,0.0,0.0,0.0,0.0,0.0,0.0,0.0,0.0,0.0,0.0
2022-09-29,0.0,0.0,0.0,0.0,0.0,0.0,0.0,0.0,0.0,0.0,0.0,0.0,0.0,0.0,0.0
2022-09-30,0.0,0.0,0.0,0.0,0.0,0.0,0.0,0.0,0.0,0.0,0.0,0.0,0.0,0.0,0.0
2022-10-03,0.0,0.0,0.0,0.0,0.0,0.0,0.0,0.0,0.0,0.0,0.0,0.0,0.0,0.0,0.0
2022-10-04,0.0,0.0,0.0,0.0,0.0,0.0,0.0,0.0,0.0,0.0,0.0,0.0,0.0,0.0,0.0
2022-10-05,0.0,0.0,0.0,0.0,0.0,0.0,0.0,0.0,0.0,0.0,0.0,0.0,0.0,0.0,0.0
2022-10-06,0.0,0.0,0.0,0.0,0.0,0.0,0.0,0.0,0.0,0.0,0.0,0.0,0.0,0.0,0.0
2022-10-07,0.0,0.0,0.0,0.0,0.0,0.0,0.0,0.0,0.0,0.0,0.0,0.0,0.0,0.0,0.0
2022-10-11,0.0,0.0,0.0,0.0,0.0,0.0,0.0,0.0,0.0,0.0,0.0,0.0,0.0,0.0,0.0
2022-10-12,0.0,0.0,0.0,0.0,0.0,0.0,0.0,0.0,0.0,0.0,0.0,0.0,0.0,0.0,0.0
2022-10-13,0.0,0.0,0.0,0.0,0.0,0.0,0.0,0.0,0.0,0.0,0.0,0.0,0.0,0.0,0.0
2022-10-14,0.0,0.0,0.0,0.0,0.0,0.0,0.0,0.0,0.0,0.0,0.0,0.0,0.0,0.0,0.0
2022-10-17,0.0,0.0,0.0,0.0,0.0,0.0,0.0,0.0,0.0,0.0,0.0,0.0,0.0,0.0,0.0
2022-10-18,0.0,0.0,0.0,0.0,0.0,0.0,0.0,0.0,0.0,0.0,0.0,0.0,0.0,0.0,0.0
2022-10-19,0.0,0.0,0.0,0.0,0.0,0.0,0.0,0.0,0.0,0.0,0.0,0.0,0.0,0.0,0.0
2022-10-20,0.0,0.0,0.0,0.0,0.0,0.0,0.0,0.0,0.0,0.0,0.0,0.0,0.0,0.0,0.0
2022-10-21,0.0,0.0,0.0,0.0,0.0,0.0,0.0,0.0,0.0,0.0,0.0,0.0,0.0,0.0,0.0
2022-10-24,0.0,0.0,0.0,0.0,0.0,0.0,0.0,0.0,0.0,0.0,0.0,0.0,0.0,0.0,0.0
2022-10-25,0.0,0.0,0.0,0.0,0.0,0.0,0.0,0.0,0.0,0.0,0.0,0.0,0.0,0.0,0.0
2022-10-26,0.0,0.0,0.0,0.0,0.0,0.0,0.0,0.0,0.0,0.0,0.0,0.0,0.0,0.0,0.0
2022-10-27,0.0,0.0,0.0,0.0,0.0,0.0,0.0,0.0,0.0,0.0,0.0,0.0,0.0,0.0,0.0
2022-10-28,0.0,0.0,0.0,0.0,0.0,0.0,0.0,0.0,0.0,0.0,0.0,0.0,0.0,0.0,0.0
2022-10-31,0.0,0.0,0.0,0.0,0.0,0.0,0.0,0.0,0.0,0.0,0.0,0.0,0.0,0.0,0.0
2022-11-01,0.0,0.0,0.0,0.0,0.0,0.0,0.0,0.0,0.0,0.0,0.0,0.0,0.0,0.0,0.0
2022-11-02,0.0,0.0,0.0,0.0,0.0,0.0,0.0,0.0,0.0,0.0,0.0,0.0,0.0,0.0,0.0
2022-11-04,0.0,0.0,0.0,0.0,0.0,0.0,0.0,0.0,0.0,0.0,0.0,0.0,0.0,0.0,0.0
2022-11-07,0.0,0.0,0.0,0.0,0.0,0.0,0.0,0.0,0.0,0.0,0.0,0.0,0.0,0.0,0.0
2022-11-08,0.0,0.0,0.0,0.0,0.0,0.0,0.0,0.0,0.0,0.0,0.0,0.0,0.0,0.0,0.0
2022-11-09,0.0,0.0,0.0,0.0,0.0,0.0,0.0,0.0,0.0,0.0,0.0,0.0,0.0,0.0,0.0
2022-11-10,0.0,0.0,0.0,0.0,0.0,0.0,0.0,0.0,0.0,0.0,0.0,0.0,0.0,0.0,0.0
2022-11-11,0.0,0.0,0.0,0.0,0.0,0.0,0.0,0.0,0.0,0.0,0.0,0.0,0.0,0.0,0.0
2022-11-14,0.0,0.0,0.0,0.0,0.0,0.0,0.0,0.0,0.0,0.0,0.0,0.0,0.0,0.0,0.0
2022-11-15,0.0,0.0,0.0,0.0,0.0,0.0,0.0,0.0,0.0,0.0,0.0,0.0,0.0,0.0,0.0
2022-11-16,0.07085285917909293,0.04887208297615801,0.07140252071209266,0.07409863207095466,0.06937671822152754,0.06824399206418912,0.06954599710264031,0.0697891008379601,0.06172403284019825,0.06521836095298147,0.0706879039104586,0.06633362867746508,0.06311682613763438,0.06549284739046513,0.06524449692618182
2022-11-17,0.0,0.08603953389320218,0.08884755949236381,0.11041465441820328,0.16476011351468609,0.0,0.10369926594678805,0.09463686434645018,0.11499814704377803,0.0,0.11214727933621858,0.0,0.0,0.12445658200830986,0.0
2022-11-18,0.0,0.04675671589283797,0.08994788051117743,0.09627980012447407,0.1969364971079035,0.0,0.10503863104252245,0.09895996729779118,0.11997485365369029,0.0,0.11454992274773025,0.0,0.0,0.13155573162187287,0.0
2022-11-21,0.0,0.05023431785621545,0.08414972095501472,0.09671303651007597,0.23238438321234958,0.0,0.09962189492108574,0.10344269670446368,0.12392115107598368,0.0,0.10979486849891605,0.0,0.0,0.09973793026589511,0.0
2022-11-22,0.0,0.05525819094216687,0.08963913727740663,0.08492271121011809,0.28192956979897865,0.0,0.08335526108130581,0.11176147473027531,0.13351339583239813,0.0,0.10225310208948217,0.0,0.0,0.05736715703786827,0.0
2022-11-24,0.0,0.05366317211956235,0.08610099623739666,0.07037800935001996,0.33288688335976424,0.0,0.04256159889714875,0.10799534636707168,0.14563903474964754,0.0,0.10276566786274406,0.0,0.0,0.05800929105664481,0.0
2022-11-25,0.0,0.05571771522430335,0.08273837491143539,0.0372642688957421,0.3728747759074786,0.0,0.04243304737875228,0.10634475384767036,0.15823586635606723,0.0,0.09343333528668515,0.0,0.0,0.05095786219186549,0.0
2022-11-28,0.0,0.06019917645677548,0.08055172513790398,0.0,0.4241960917032705,0.0,0.04556736503259114,0.11052196922146652,0.1792724743086424,0.0,0.09969119813935003,0.0,0.0,0.0,0.0
2022-11-29,0.0,0.05705840528104461,0.07441267120698081,0.0,0.46848620766826243,0.0,0.044782566656222655,0.10498041528992463,0.18701227325808267,0.0,0.06326746063948216,0.0,0.0,0.0,0.0
2022-11-30,0.0,0.053617605389071475,0.07308692601451525,0.0,0.4971640860159497,0.0,0.043635006086935456,0.1012327968904173,0.1969931235768465,0.0,0.03427045602626428,0.0,0.0,0.0,0.0
2022-12-01,0.0,0.05253398426890977,0.07324738387889927,0.0,0.5230496693470091,0.0,0.043470243676512976,0.09974945195540347,0.2079492668732654,0.0,0.0,0.0,0.0,0.0,0.0
2022-12-02,0.0,0.05137026443206908,0.07135920279735218,0.0,0.5250483670597084,0.0,0.0430044277578229,0.09426078673828947,0.21495695121475808,0.0,0.0,0.0,0.0,0.0,0.0
2022-12-05,0.0,0.048187521012844535,0.07071956532410892,0.0,0.5341995942402835,0.0,0.04264900808713481,0.09108641678480076,0.21315789455082756,0.0,0.0,0.0,0.0,0.0,0.0
2022-12-06,0.0,0.0,0.03951338090353709,0.0,0.5843754561100315,0.0,0.04338547215022655,0.09988672825462215,0.23283896258158276,0.0,0.0,0.0,0.0,0.0,0.0
2022-12-07,0.0,0.0,0.03717843457689105,0.0,0.6000609114257864,0.0,0.039907959010941595,0.09279807915687188,0.2300546158295089,0.0,0.0,0.0,0.0,0.0,0.0
2022-12-08,0.0,0.0,0.038619084433759984,0.0,0.6285002207149516,0.0,0.0,0.09509377275696537,0.23778692209432295,0.0,0.0,0.0,0.0,0.0,0.0
2022-12-09,0.0,0.0,0.03708171982691106,0.0,0.6331347092826808,0.0,0.0,0.08966368131282211,0.24011988957758607,0.0,0.0,0.0,0.0,0.0,0.0
2022-12-12,0.0,0.0,0.045458076690748125,0.0,0.5506811755942144,0.0,0.0,0.0901889663809173,0.3136717813341202,0.0,0.0,0.0,0.0,0.0,0.0
2022-12-13,0.0,0.0,0.04362047636405643,0.0,0.4908851530851441,0.0,0.0,0.0896239216774809,0.3758704488733186,0.0,0.0,0.0,0.0,0.0,0.0
2022-12-14,0.0,0.0,0.042061154625046636,0.0,0.43650413967178964,0.0,0.0,0.08859698752261572,0.4328377181805481,0.0,0.0,0.0,0.0,0.0,0.0
2022-12-15,0.0037024075228523747,0.004633248219493741,0.04441931059329117,0.005192830469115928,0.3913231340471291,0.0061411668211043295,0.005092764428966523,0.03722793765740131,0.47253093690586134,0.004284031658032139,0.0045090491809347075,0.004355647539393327,0.005366033525800673,0.0056765402453769105,0.0055449611852465535
2022-12-16,0.0,0.0,0.039506897029843356,0.0,0.39420276896738304,0.0,0.0,0.0,0.5662903340027736,0.0,0.0,0.0,0.0,0.0,0.0
2022-12-19,0.0,0.0,0.0,0.0,0.0,0.0,0.0,0.0,0.0,0.0,0.0,0.0,0.0,0.0,0.0
2022-12-20,0.0,0.0,0.0,0.0,0.0,0.0,0.0,0.0,0.0,0.0,0.0,0.0,0.0,0.0,0.0
2022-12-21,0.0,0.0,0.0,0.0,0.0,0.0,0.0,0.0,0.0,0.0,0.0,0.0,0.0,0.0,0.0
2022-12-22,0.0,0.0,0.0,0.0,0.0,0.0,0.0,0.0,0.0,0.0,0.0,0.0,0.0,0.0,0.0
2022-12-23,0.0,0.0,0.0,0.0,0.0,0.0,0.0,0.0,0.0,0.0,0.0,0.0,0.0,0.0,0.0
2022-12-26,0.0,0.0,0.0,0.0,0.0,0.0,0.0,0.0,0.0,0.0,0.0,0.0,0.0,0.0,0.0
2022-12-27,0.0,0.0,0.0,0.0,0.0,0.0,0.0,0.0,0.0,0.0,0.0,0.0,0.0,0.0,0.0
2022-12-28,0.0,0.0,0.0,0.0,0.0,0.0,0.0,0.0,0.0,0.0,0.0,0.0,0.0,0.0,0.0
2022-12-29,0.0,0.0,0.0,0.0,0.0,0.0,0.0,0.0,0.0,0.0,0.0,0.0,0.0,0.0,0.0
2022-12-30,0.0,0.0,0.0,0.0,0.0,0.0,0.0,0.0,0.0,0.0,0.0,0.0,0.0,0.0,0.0
2023-01-04,0.0,0.0,0.0,0.0,0.0,0.0,0.0,0.0,0.0,0.0,0.0,0.0,0.0,0.0,0.0
2023-01-05,0.0,0.0,0.0,0.0,0.0,0.0,0.0,0.0,0.0,0.0,0.0,0.0,0.0,0.0,0.0
2023-01-06,0.0,0.0,0.0,0.0,0.0,0.0,0.0,0.0,0.0,0.0,0.0,0.0,0.0,0.0,0.0
2023-01-10,0.0,0.0,0.0,0.0,0.0,0.0,0.0,0.0,0.0,0.0,0.0,0.0,0.0,0.0,0.0
2023-01-11,0.0,0.0,0.0,0.0,0.0,0.0,0.0,0.0,0.0,0.0,0.0,0.0,0.0,0.0,0.0
2023-01-12,0.0,0.0,0.0,0.0,0.0,0.0,0.0,0.0,0.0,0.0,0.0,0.0,0.0,0.0,0.0
2023-01-13,0.0,0.0,0.0,0.0,0.0,0.0,0.0,0.0,0.0,0.0,0.0,0.0,0.0,0.0,0.0
2023-01-16,0.0,0.0,0.0,0.0,0.0,0.0,0.0,0.0,0.0,0.0,0.0,0.0,0.0,0.0,0.0
2023-01-17,0.0,0.0,0.0,0.0,0.0,0.0,0.0,0.0,0.0,0.0,0.0,0.0,0.0,0.0,0.0
2023-01-18,0.0,0.0,0.0,0.0,0.0,0.0,0.0,0.0,0.0,0.0,0.0,0.0,0.0,0.0,0.0
2023-01-19,0.0,0.0,0.0,0.0,0.0,0.0,0.0,0.0,0.0,0.0,0.0,0.0,0.0,0.0,0.0
2023-01-20,0.0,0.0,0.0,0.0,0.0,0.0,0.0,0.0,0.0,0.0,0.0,0.0,0.0,0.0,0.0
2023-01-23,0.0,0.0,0.0,0.0,0.0,0.0,0.0,0.0,0.0,0.0,0.0,0.0,0.0,0.0,0.0
2023-01-24,0.0,0.0,0.0,0.0,0.0,0.0,0.0,0.0,0.0,0.0,0.0,0.0,0.0,0.0,0.0
2023-01-25,0.0,0.0,0.0,0.0,0.0,0.0,0.0,0.0,0.0,0.0,0.0,0.0,0.0,0.0,0.0
2023-01-26,0.0,0.0,0.0,0.0,0.0,0.0,0.0,0.0,0.0,0.0,0.0,0.0,0.0,0.0,0.0
2023-01-27,0.0,0.0,0.0,0.0,0.0,0.0,0.0,0.0,0.0,0.0,0.0,0.0,0.0,0.0,0.0
2023-01-30,0.0,0.0,0.0,0.0,0.0,0.0,0.0,0.0,0.0,0.0,0.0,0.0,0.0,0.0,0.0
2023-01-31,0.0,0.0,0.0,0.0,0.0,0.0,0.0,0.0,0.0,0.0,0.0,0.0,0.0,0.0,0.0
2023-02-01,0.0,0.0,0.0,0.0,0.0,0.0,0.0,0.0,0.0,0.0,0.0,0.0,0.0,0.0,0.0
2023-02-02,0.0,0.0,0.0,0.0,0.0,0.0,0.0,0.0,0.0,0.0,0.0,0.0,0.0,0.0,0.0
2023-02-03,0.0,0.0,0.0,0.0,0.0,0.0,0.0,0.0,0.0,0.0,0.0,0.0,0.0,0.0,0.0
2023-02-06,0.0,0.0,0.0,0.0,0.0,0.0,0.0,0.0,0.0,0.0,0.0,0.0,0.0,0.0,0.0
2023-02-07,0.0,0.0,0.0,0.0,0.0,0.0,0.0,0.0,0.0,0.0,0.0,0.0,0.0,0.0,0.0
2023-02-08,0.0,0.0,0.0,0.0,0.0,0.0,0.0,0.0,0.0,0.0,0.0,0.0,0.0,0.0,0.0
2023-02-09,0.0,0.0,0.0,0.0,0.0,0.0,0.0,0.0,0.0,0.0,0.0,0.0,0.0,0.0,0.0
2023-02-10,0.0,0.0,0.0,0.0,0.0,0.0,0.0,0.0,0.0,0.0,0.0,0.0,0.0,0.0,0.0
2023-02-13,0.0,0.0,0.0,0.0,0.0,0.0,0.0,0.0,0.0,0.0,0.0,0.0,0.0,0.0,0.0
2023-02-14,0.05529533797474879,0.05453519818928546,0.06677486953075079,0.06311375586379796,0.07413318282647682,0.07373681327358643,0.0775633166295926,0.07017210182933593,0.07150764641076741,0.06683431820841809,0.07769960761451375,0.0700689114964508,0.06681318145312046,0.04762056666395969,0.06413119203519504
2023-02-15,0.0,0.07499376666304057,0.09043981324248718,0.08449008109259681,0.1441172263599981,0.145730421718623,0.08771380083621196,0.09478522673786546,0.11374597974839208,0.0,0.09208299077716496,0.0,0.0,0.07190069282361984,0.0
2023-02-16,0.0,0.047359804139574684,0.05606781763135944,0.05357673367806681,0.17448724745730657,0.18212720042233477,0.09436232568250537,0.11946924560726442,0.11541484190259009,0.0,0.11019467049942555,0.0,0.0,0.04694011297957234,0.0
2023-02-17,0.0,0.05094522178209353,0.05844480155329133,0.054827423501554846,0.20776166627703485,0.17334482968541726,0.09671635825137298,0.12529856186724975,0.12040369592414403,0.0,0.11225744115784142,0.0,0.0,0.0,0.0
2023-02-20,0.0,0.0555844948217039,0.060228495604386076,0.049809785039160066,0.24857755549430002,0.15246028797624803,0.09989665361885824,0.1181644783480773,0.10690858589544702,0.0,0.10836966320181923,0.0,0.0,0.0,0.0
2023-02-21,0.0,0.04156999468358893,0.05732900685105695,0.049586472766552286,0.28785735226926973,0.1466003476944163,0.09766466687548951,0.11662245187034495,0.09760472585158163,0.0,0.10516498113769976,0.0,0.0,0.0,0.0
2023-02-22,0.0,0.0,0.0,0.0,0.0,0.0,0.0,0.0,0.0,0.0,0.0,0.0,0.0,0.0,0.0
2023-02-24,0.0,0.0,0.0,0.0,0.0,0.0,0.0,0.0,0.0,0.0,0.0,0.0,0.0,0.0,0.0
2023-02-27,0.0,0.0,0.0,0.0,0.0,0.0,0.0,0.0,0.0,0.0,0.0,0.0,0.0,0.0,0.0
2023-02-28,0.0,0.0,0.0,0.0,0.0,0.0,0.0,0.0,0.0,0.0,0.0,0.0,0.0,0.0,0.0
2023-03-01,0.0,0.0,0.0,0.0,0.0,0.0,0.0,0.0,0.0,0.0,0.0,0.0,0.0,0.0,0.0
2023-03-02,0.0,0.0,0.0,0.0,0.0,0.0,0.0,0.0,0.0,0.0,0.0,0.0,0.0,0.0,0.0
2023-03-03,0.0,0.0,0.0,0.0,0.0,0.0,0.0,0.0,0.0,0.0,0.0,0.0,0.0,0.0,0.0
2023-03-06,0.0,0.0,0.0,0.0,0.0,0.0,0.0,0.0,0.0,0.0,0.0,0.0,0.0,0.0,0.0
2023-03-07,0.0,0.0,0.0,0.0,0.0,0.0,0.0,0.0,0.0,0.0,0.0,0.0,0.0,0.0,0.0
2023-03-08,0.0,0.0,0.0,0.0,0.0,0.0,0.0,0.0,0.0,0.0,0.0,0.0,0.0,0.0,0.0
2023-03-09,0.0,0.0,0.0,0.0,0.0,0.0,0.0,0.0,0.0,0.0,0.0,0.0,0.0,0.0,0.0
2023-03-10,0.0,0.0,0.0,0.0,0.0,0.0,0.0,0.0,0.0,0.0,0.0,0.0,0.0,0.0,0.0
2023-03-13,0.0,0.0,0.0,0.0,0.0,0.0,0.0,0.0,0.0,0.0,0.0,0.0,0.0,0.0,0.0
2023-03-14,0.0,0.0,0.0,0.0,0.0,0.0,0.0,0.0,0.0,0.0,0.0,0.0,0.0,0.0,0.0
2023-03-15,0.0720931814299723,0.06709568543207461,0.06477572001747013,0.07374552954674851,0.07097132214559883,0.06720466800243566,0.056246825540217565,0.0666024433280474,0.05878508279490546,0.06568239854734899,0.06655651607530376,0.06916731672584206,0.07477519996035387,0.05504893154338084,0.07124917891030005
2023-03-16,0.0,0.0,0.0,0.0,0.0,0.0,0.0,0.0,0.0,0.0,0.0,0.0,0.0,0.0,0.0
2023-03-17,0.0,0.0,0.0,0.0,0.0,0.0,0.0,0.0,0.0,0.0,0.0,0.0,0.0,0.0,0.0
2023-03-20,0.0,0.0,0.0,0.0,0.0,0.0,0.0,0.0,0.0,0.0,0.0,0.0,0.0,0.0,0.0
2023-03-22,0.0,0.0,0.0,0.0,0.0,0.0,0.0,0.0,0.0,0.0,0.0,0.0,0.0,0.0,0.0
2023-03-23,0.0,0.0,0.0,0.0,0.0,0.0,0.0,0.0,0.0,0.0,0.0,0.0,0.0,0.0,0.0
2023-03-24,0.0,0.0,0.0,0.0,0.0,0.0,0.0,0.0,0.0,0.0,0.0,0.0,0.0,0.0,0.0
2023-03-27,0.0,0.0,0.0,0.0,0.0,0.0,0.0,0.0,0.0,0.0,0.0,0.0,0.0,0.0,0.0
2023-03-28,0.0,0.0,0.0,0.0,0.0,0.0,0.0,0.0,0.0,0.0,0.0,0.0,0.0,0.0,0.0
2023-03-29,0.0,0.0,0.0,0.0,0.0,0.0,0.0,0.0,0.0,0.0,0.0,0.0,0.0,0.0,0.0
2023-03-30,0.0,0.0,0.0,0.0,0.0,0.0,0.0,0.0,0.0,0.0,0.0,0.0,0.0,0.0,0.0
2023-03-31,0.0,0.0,0.0,0.0,0.0,0.0,0.0,0.0,0.0,0.0,0.0,0.0,0.0,0.0,0.0
2023-04-03,0.0,0.0,0.0,0.0,0.0,0.0,0.0,0.0,0.0,0.0,0.0,0.0,0.0,0.0,0.0
2023-04-04,0.0,0.0,0.0,0.0,0.0,0.0,0.0,0.0,0.0,0.0,0.0,0.0,0.0,0.0,0.0
2023-04-05,0.0,0.0,0.0,0.0,0.0,0.0,0.0,0.0,0.0,0.0,0.0,0.0,0.0,0.0,0.0
2023-04-06,0.0,0.0,0.0,0.0,0.0,0.0,0.0,0.0,0.0,0.0,0.0,0.0,0.0,0.0,0.0
2023-04-07,0.0,0.0,0.0,0.0,0.0,0.0,0.0,0.0,0.0,0.0,0.0,0.0,0.0,0.0,0.0
2023-04-10,0.0,0.0,0.0,0.0,0.0,0.0,0.0,0.0,0.0,0.0,0.0,0.0,0.0,0.0,0.0
2023-04-11,0.0,0.0,0.0,0.0,0.0,0.0,0.0,0.0,0.0,0.0,0.0,0.0,0.0,0.0,0.0
2023-04-12,0.0,0.0,0.0,0.0,0.0,0.0,0.0,0.0,0.0,0.0,0.0,0.0,0.0,0.0,0.0
2023-04-13,0.06915184349315057,0.05452893415656196,0.06816210596494009,0.06229447821946812,0.061732032209921114,0.06922714461446426,0.06922929653131872,0.07087676169113016,0.06527129670886218,0.0641565796523741,0.06649794195256738,0.06789648312636612,0.07345195747208508,0.06742593134008147,0.07009721286670859
2023-04-14,0.0,0.0767242071430826,0.09148740939508716,0.07876508139439138,0.08062842346183781,0.11530987948086777,0.08190346097016597,0.09181787402737922,0.09534788088966216,0.0,0.07216101792825741,0.0,0.0,0.08861593656255683,0.1272388287467118
2023-04-17,0.0,0.04622984632915791,0.08143314607325672,0.07919510020434564,0.09444421583376394,0.10174569523099873,0.08012724088488753,0.08660781194332792,0.14793492111673842,0.0,0.06990955554528769,0.0,0.0,0.08798269439847424,0.12438977243976125
2023-04-18,0.0,0.0,0.075938335033982,0.07350011275709699,0.1138437915225267,0.09834286064428133,0.07005880404253946,0.08006875844994646,0.22764497683761808,0.0,0.0658340011817088,0.0,0.0,0.08086857923632697,0.11389978029397313
2023-04-19,0.0,0.0,0.07192646463907991,0.06890233347046607,0.12965110626079968,0.09205887317314021,0.06530814356583146,0.06380939404722413,0.2686254995257324,0.0,0.061481304561546726,0.0,0.0,0.0737835953130076,0.10445328544317188
2023-04-20,0.0,0.0,0.0699977702927668,0.052977676922159996,0.11131039035335027,0.09147074437658927,0.062278114644390724,0.06286750487535007,0.319035817464957,0.0,0.05991250196975691,0.0,0.0,0.07019196642360549,0.09995751267707344
2023-04-21,0.0,0.0,0.07237292594125781,0.056235275030772774,0.1101446049389736,0.09297154871110186,0.0642278431254708,0.06322804747490504,0.30540331008837607,0.0,0.06204046612990132,0.0,0.0,0.070863180847693,0.10251279771154774
2023-04-24,0.0,0.0,0.07323247240973595,0.061063254620456184,0.13135839921816317,0.09963198633951449,0.06559789655692279,0.06756875008382741,0.2609600953574783,0.0,0.06517026271180773,0.0,0.0,0.07169768243422478,0.103719200267869
2023-04-25,0.0,0.0,0.07020132125780806,0.0638186944864529,0.15700751417561395,0.09339628407847413,0.06548881868113895,0.05864219075341649,0.252928499712334,0.0,0.06461478503916028,0.0,0.0,0.07138388115726922,0.10251801065833213
2023-04-26,0.0,0.0,0.07133132583351215,0.04480965707679349,0.1559082023076764,0.09697951616883033,0.06646924570321955,0.061979353305115836,0.2681514760505746,0.0,0.06227265988956734,0.0,0.0,0.07045182878900695,0.10164673487570346
2023-04-27,0.0,0.0,0.07201267381030049,0.0,0.18428405699026854,0.0938712005348009,0.060846085031209654,0.06861914484106926,0.2563008448626991,0.0,0.06996957359731391,0.0,0.0,0.07933177889077316,0.11476464144156491
2023-04-28,0.0,0.0,0.06870767860873593,0.0,0.22217245753820614,0.09166007273215834,0.060083451494716396,0.058992724660972516,0.24785038680694813,0.0,0.06610173206440036,0.0,0.0,0.07596421017558004,0.10846728591828209
2023-05-01,0.0,0.0,0.061848109228836455,0.0,0.26225490862189704,0.08458597602613661,0.056088520046043346,0.05495646447797461,0.281986045396368,0.0,0.05769683845154612,0.0,0.0,0.06384147277555755,0.07674166497564011
2023-05-02,0.0,0.0,0.05603009189644771,0.0,0.2930964370353731,0.07670414959868148,0.05102294633834866,0.051047026410402374,0.2912673258207134,0.0,0.05154333114931483,0.0,0.0,0.05766477840294898,0.07162391334776946
2023-05-08,0.0,0.0,0.047983138702758256,0.0,0.31087684503040347,0.070712537361324,0.04684359547643484,0.04836360852748764,0.3085017213520227,0.0,0.04515206631043558,0.0,0.0,0.05046065323183773,0.07110583400729563
2023-05-09,0.0,0.0,0.0,0.0,0.3525771980339266,0.0698425940027022,0.05032704639541299,0.053338889362632806,0.30552566072636755,0.0,0.04862485247097524,0.0,0.0,0.05581918438617074,0.06394457462181186
2023-05-10,0.0,0.0,0.0,0.0,0.40778511785635746,0.0751191305967175,0.05298112041501165,0.05659384100356971,0.3029856276947727,0.0,0.05122987293113743,0.0,0.0,0.05330528950243363,0.0
2023-05-11,0.0,0.0,0.0,0.0,0.5034563203570783,0.08232514836327615,0.058311228456729904,0.05976665553780099,0.2503928140037389,0.0,0.04574783328137566,0.0,0.0,0.0,0.0
2023-05-12,0.0,0.0,0.0,0.0,0.5623980105311938,0.07858675762911631,0.05228296913166708,0.0585355143633628,0.2064848773002086,0.0,0.04171187104445152,0.0,0.0,0.0,0.0
2023-05-15,0.0,0.0,0.0,0.0,0.6261230757816572,0.07064681374221592,0.05008141316720767,0.055114266425964405,0.19803443088295478,0.0,0.0,0.0,0.0,0.0,0.0
2023-05-16,0.0020978501781223277,0.003334723611708238,0.0014163344695364705,0.0015262938345856937,0.6381555604950145,0.06229399415829183,0.048603888053583885,0.052128773417548804,0.1784833765770684,0.0032820935823253098,0.0023157426139610864,0.0019811454315824713,0.0014882847959586235,0.002891938780712299,0.0
2023-05-17,0.0,0.0,0.0,0.0,0.587835074533627,0.08199304243680608,0.059799126916120895,0.06532594006780686,0.20504681604563912,0.0,0.0,0.0,0.0,0.0,0.0
2023-05-18,0.0,0.0,0.0,0.0,0.5676604367212625,0.07964577593296311,0.05853305473459038,0.05569491047125476,0.2384658221399293,0.0,0.0,0.0,0.0,0.0,0.0
2023-05-19,0.0,0.0,0.0,0.0,0.5446659477635025,0.07524996434906861,0.05394674838111509,0.05425256317484401,0.2718847763314698,0.0,0.0,0.0,0.0,0.0,0.0
2023-05-22,0.0,0.0,0.0,0.0,0.4602574601071673,0.08194774103829791,0.05846124446731036,0.054301841673424944,0.34503171271379945,0.0,0.0,0.0,0.0,0.0,0.0
2023-05-23,0.0,0.0,0.0,0.0,0.4238171127151045,0.0,0.05914901308183748,0.0576890838205377,0.45934479038252035,0.0,0.0,0.0,0.0,0.0,0.0
2023-05-24,0.0,0.0,0.0,0.0,0.36948617164996583,0.0,0.05017363860420589,0.05228528308014488,0.5280549066656833,0.0,0.0,0.0,0.0,0.0,0.0
2023-05-25,0.0,0.0,0.0,0.0,0.25187639436801224,0.0,0.05234587950413522,0.04651705802071016,0.6492606681071423,0.0,0.0,0.0,0.0,0.0,0.0
2023-05-26,0.0,0.0,0.0,0.0,0.17372664319739545,0.0,0.05061058946014646,0.0,0.775662767342458,0.0,0.0,0.0,0.0,0.0,0.0
2023-05-29,0.0,0.0,0.0,0.0,0.1373256535757862,0.0,0.04584723349174507,0.0,0.8168271129324688,0.0,0.0,0.0,0.0,0.0,0.0
2023-05-30,0.0,0.0,0.0,0.0,0.09848003836218161,0.0,0.04613712811784501,0.0,0.8553828335199735,0.0,0.0,0.0,0.0,0.0,0.0
2023-05-31,0.0,0.0,0.0,0.0,0.07704583745529389,0.0,0.04523747557435405,0.0,0.8777166869703521,0.0,0.0,0.0,0.0,0.0,0.0
2023-06-01,0.0,0.0,0.0,0.0,0.06849108516029448,0.0,0.03624169168475267,0.0,0.8952672231549529,0.0,0.0,0.0,0.0,0.0,0.0
2023-06-02,0.0,0.0,0.0,0.0,0.0587846590816187,0.0,0.0,0.0,0.9412153409183813,0.0,0.0,0.0,0.0,0.0,0.0
2023-06-05,0.0,0.0,0.0,0.0,0.04601013981172798,0.0,0.0,0.0,0.953989860188272,0.0,0.0,0.0,0.0,0.0,0.0
2023-06-06,0.0,0.0,0.0,0.0,0.05094999730860399,0.0,0.0,0.0,0.949050002691396,0.0,0.0,0.0,0.0,0.0,0.0
2023-06-07,0.0,0.0,0.0,0.0,0.05007708418350792,0.0,0.0,0.0,0.949922915816492,0.0,0.0,0.0,0.0,0.0,0.0
2023-06-08,0.0,0.0,0.0,0.0,0.04952032274071949,0.0,0.0,0.0,0.9504796772592805,0.0,0.0,0.0,0.0,0.0,0.0
2023-06-09,0.0,0.0,0.0,0.0,0.06588430476923274,0.0,0.0,0.0,0.9341156952307672,0.0,0.0,0.0,0.0,0.0,0.0
2023-06-12,0.0,0.0,0.0,0.0,0.07309828440632195,0.0,0.0,0.0,0.9269017155936781,0.0,0.0,0.0,0.0,0.0,0.0
2023-06-13,0.0,0.0019319443040089546,0.0,0.0,0.06956406705785034,0.0019742447998105563,0.001183084567711693,0.000774526938272313,0.9176894551880922,0.002537303916192793,0.0020275761369831576,0.0,0.0006309454577061023,0.0012727687435887553,0.00041408288978318064
2023-06-14,0.0,0.0,0.0,0.0,0.06452521388777538,0.0,0.0,0.0,0.9354747861122247,0.0,0.0,0.0,0.0,0.0,0.0
2023-06-15,0.0,0.0,0.0,0.0,0.06301966227518638,0.0,0.0,0.0,0.9369803377248137,0.0,0.0,0.0,0.0,0.0,0.0
2023-06-16,0.0,0.0,0.0,0.0,0.0622447145849591,0.0,0.0,0.0,0.9377552854150409,0.0,0.0,0.0,0.0,0.0,0.0
2023-06-19,0.0,0.0,0.0,0.0,0.059601621850300275,0.0,0.0,0.0,0.9403983781496996,0.0,0.0,0.0,0.0,0.0,0.0
2023-06-20,0.0,0.0,0.0,0.0,0.04227108965654494,0.0,0.0,0.0,0.9577289103434551,0.0,0.0,0.0,0.0,0.0,0.0
2023-06-21,0.0,0.0,0.0,0.0,0.02860866367281554,0.0,0.0,0.0,0.9713913363271843,0.0,0.0,0.0,0.0,0.0,0.0
2023-06-22,0.0,0.0,0.0,0.0,0.022790603680038178,0.0,0.0,0.0,0.9772093963199618,0.0,0.0,0.0,0.0,0.0,0.0
2023-06-23,0.0,0.0,0.0,0.0,0.020892725061748888,0.0,0.0,0.0,0.9791072749382512,0.0,0.0,0.0,0.0,0.0,0.0
2023-06-26,0.0,0.0,0.0,0.0,0.01808990598976795,0.0,0.0,0.0,0.9819100940102321,0.0,0.0,0.0,0.0,0.0,0.0
2023-06-27,0.0,0.0,0.0,0.0,0.015364929086877647,0.0,0.0,0.0,0.9846350709131223,0.0,0.0,0.0,0.0,0.0,0.0
2023-06-28,0.0,0.0,0.0,0.0,0.0,0.0,0.0,0.0,1.0,0.0,0.0,0.0,0.0,0.0,0.0
2023-06-29,0.0,0.0,0.0,0.0,0.0,0.0,0.0,0.0,1.0,0.0,0.0,0.0,0.0,0.0,0.0
2023-06-30,0.0,0.0,0.0,0.0,0.0,0.0,0.0,0.0,1.0,0.0,0.0,0.0,0.0,0.0,0.0
2023-07-03,0.0,0.0,0.0,0.0,0.0,0.0,0.0,0.0,1.0,0.0,0.0,0.0,0.0,0.0,0.0
2023-07-04,0.0,0.0,0.0,0.0,0.0,0.0,0.0,0.0,1.0,0.0,0.0,0.0,0.0,0.0,0.0
2023-07-05,0.0,0.0,0.0,0.0,0.0,0.0,0.0,0.0,1.0,0.0,0.0,0.0,0.0,0.0,0.0
2023-07-06,0.0,0.0,0.0,0.0,0.0,0.0,0.0,0.0,1.0,0.0,0.0,0.0,0.0,0.0,0.0
2023-07-07,0.0,0.0,0.0,0.0,0.0,0.0,0.0,0.0,1.0,0.0,0.0,0.0,0.0,0.0,0.0
2023-07-10,0.0,0.0,0.0,0.0,0.0,0.0,0.0,0.0,1.0,0.0,0.0,0.0,0.0,0.0,0.0
2023-07-11,0.0,0.0,0.0,0.0,0.000413278184892845,0.002405565531702845,0.0004823638832733765,0.0003064786718070265,0.995386915278448,0.00025168118186249004,0.0005661538616193253,0.0,0.00018756340639384096,0.0,0.0
2023-07-12,0.0,0.0,0.0,0.0,0.0,0.0,0.0,0.0,1.0,0.0,0.0,0.0,0.0,0.0,0.0
2023-07-13,0.0,0.0,0.0,0.0,0.0,0.0,0.0,0.0,1.0,0.0,0.0,0.0,0.0,0.0,0.0
2023-07-14,0.0,0.0,0.0,0.0,0.0,0.0,0.0,0.0,1.0,0.0,0.0,0.0,0.0,0.0,0.0
2023-07-18,0.0,0.0,0.0,0.0,0.0,0.0,0.0,0.0,1.0,0.0,0.0,0.0,0.0,0.0,0.0
2023-07-19,0.0,0.0,0.0,0.0,0.0,0.0,0.0,0.0,1.0,0.0,0.0,0.0,0.0,0.0,0.0
2023-07-20,0.0,0.0,0.0,0.0,0.0,0.0,0.0,0.0,1.0,0.0,0.0,0.0,0.0,0.0,0.0
2023-07-21,0.0,0.0,0.0,0.0,0.0,0.0,0.0,0.0,1.0,0.0,0.0,0.0,0.0,0.0,0.0
2023-07-24,0.0,0.0,0.0,0.0,0.0,0.0,0.0,0.0,1.0,0.0,0.0,0.0,0.0,0.0,0.0
2023-07-25,0.0,0.0,0.0,0.0,0.0,0.0,0.0,0.0,1.0,0.0,0.0,0.0,0.0,0.0,0.0
2023-07-26,0.0,0.0,0.0,0.0,0.0,0.0,0.0,0.0,1.0,0.0,0.0,0.0,0.0,0.0,0.0
2023-07-27,0.0,0.0,0.0,0.0,0.0,0.0,0.0,0.0,1.0,0.0,0.0,0.0,0.0,0.0,0.0
2023-07-28,0.0,0.0,0.0,0.0,0.0,0.0,0.0,0.0,1.0,0.0,0.0,0.0,0.0,0.0,0.0
2023-07-31,0.0,0.0,0.0,0.0,0.0,0.0,0.0,0.0,1.0,0.0,0.0,0.0,0.0,0.0,0.0
2023-08-01,0.0,0.0,0.0,0.0,0.0,0.0,0.0,0.0,1.0,0.0,0.0,0.0,0.0,0.0,0.0
2023-08-02,0.0,0.0,0.0,0.0,0.0,0.0,0.0,0.0,1.0,0.0,0.0,0.0,0.0,0.0,0.0
2023-08-03,0.0,0.0,0.0,0.0,0.0,0.0,0.0,0.0,1.0,0.0,0.0,0.0,0.0,0.0,0.0
2023-08-04,0.0,0.0,0.0,0.0,0.0,0.0,0.0,0.0,1.0,0.0,0.0,0.0,0.0,0.0,0.0
2023-08-07,0.0,0.0,0.0,0.0,0.0,0.0,0.0,0.0,1.0,0.0,0.0,0.0,0.0,0.0,0.0
2023-08-08,0.0,0.0,0.0,0.0,0.0,0.0,0.0,0.0,1.0,0.0,0.0,0.0,0.0,0.0,0.0
2023-08-09,0.0,0.0,0.0,0.0,0.0,0.0,0.0,0.0,0.0,0.0,0.0,0.0,0.0,0.0,0.0
2023-08-10,0.0,0.0,0.0,0.0,0.0,0.0,0.0,0.0,0.0,0.0,0.0,0.0,0.0,0.0,0.0
2023-08-14,0.0,0.0,0.0,0.0,0.0,0.0,0.0,0.0,0.0,0.0,0.0,0.0,0.0,0.0,0.0
2023-08-15,0.0,0.0,0.0,0.0,0.0,0.0,0.0,0.0,0.0,0.0,0.0,0.0,0.0,0.0,0.0
2023-08-16,0.0,0.0,0.0,0.0,0.0,0.0,0.0,0.0,0.0,0.0,0.0,0.0,0.0,0.0,0.0
2023-08-17,0.0,0.0,0.0,0.0,0.0,0.0,0.0,0.0,0.0,0.0,0.0,0.0,0.0,0.0,0.0
2023-08-18,0.0,0.0,0.0,0.0,0.0,0.0,0.0,0.0,0.0,0.0,0.0,0.0,0.0,0.0,0.0
2023-08-21,0.0,0.0,0.0,0.0,0.0,0.0,0.0,0.0,0.0,0.0,0.0,0.0,0.0,0.0,0.0
2023-08-22,0.0,0.0,0.0,0.0,0.0,0.0,0.0,0.0,0.0,0.0,0.0,0.0,0.0,0.0,0.0
2023-08-23,0.0,0.0,0.0,0.0,0.0,0.0,0.0,0.0,0.0,0.0,0.0,0.0,0.0,0.0,0.0
2023-08-24,0.0,0.0,0.0,0.0,0.0,0.0,0.0,0.0,0.0,0.0,0.0,0.0,0.0,0.0,0.0
2023-08-25,0.0,0.0,0.0,0.0,0.0,0.0,0.0,0.0,0.0,0.0,0.0,0.0,0.0,0.0,0.0
2023-08-28,0.0,0.0,0.0,0.0,0.0,0.0,0.0,0.0,0.0,0.0,0.0,0.0,0.0,0.0,0.0
2023-08-29,0.0,0.0,0.0,0.0,0.0,0.0,0.0,0.0,0.0,0.0,0.0,0.0,0.0,0.0,0.0
2023-08-30,0.0,0.0,0.0,0.0,0.0,0.0,0.0,0.0,0.0,0.0,0.0,0.0,0.0,0.0,0.0
2023-08-31,0.0,0.0,0.0,0.0,0.0,0.0,0.0,0.0,0.0,0.0,0.0,0.0,0.0,0.0,0.0
2023-09-01,0.0,0.0,0.0,0.0,0.0,0.0,0.0,0.0,0.0,0.0,0.0,0.0,0.0,0.0,0.0
2023-09-04,0.0,0.0,0.0,0.0,0.0,0.0,0.0,0.0,0.0,0.0,0.0,0.0,0.0,0.0,0.0
2023-09-05,0.0,0.0,0.0,0.0,0.0,0.0,0.0,0.0,0.0,0.0,0.0,0.0,0.0,0.0,0.0
2023-09-06,0.0,0.0,0.0,0.0,0.0,0.0,0.0,0.0,0.0,0.0,0.0,0.0,0.0,0.0,0.0
2023-09-07,0.06716146795708729,0.07211313240525524,0.0658372992178982,0.06652313877688192,0.061896427422696576,0.05202380413354724,0.06660746257504548,0.05915053921837322,0.06554185996921999,0.07637619696337984,0.07091584786620023,0.060444788875065915,0.07200931255586843,0.06984186857749256,0.07355685348598791
2023-09-08,0.0,0.0,0.0,0.0,0.0,0.0,0.0,0.0,0.0,0.0,0.0,0.0,0.0,0.0,0.0
2023-09-11,0.0,0.0,0.0,0.0,0.0,0.0,0.0,0.0,0.0,0.0,0.0,0.0,0.0,0.0,0.0
2023-09-12,0.0,0.0,0.0,0.0,0.0,0.0,0.0,0.0,0.0,0.0,0.0,0.0,0.0,0.0,0.0
2023-09-13,0.0,0.0,0.0,0.0,0.0,0.0,0.0,0.0,0.0,0.0,0.0,0.0,0.0,0.0,0.0
2023-09-14,0.0,0.0,0.0,0.0,0.0,0.0,0.0,0.0,0.0,0.0,0.0,0.0,0.0,0.0,0.0
2023-09-15,0.0,0.0,0.0,0.0,0.0,0.0,0.0,0.0,0.0,0.0,0.0,0.0,0.0,0.0,0.0
2023-09-19,0.0,0.0,0.0,0.0,0.0,0.0,0.0,0.0,0.0,0.0,0.0,0.0,0.0,0.0,0.0
2023-09-20,0.0,0.0,0.0,0.0,0.0,0.0,0.0,0.0,0.0,0.0,0.0,0.0,0.0,0.0,0.0
2023-09-21,0.0,0.0,0.0,0.0,0.0,0.0,0.0,0.0,0.0,0.0,0.0,0.0,0.0,0.0,0.0
2023-09-22,0.0,0.0,0.0,0.0,0.0,0.0,0.0,0.0,0.0,0.0,0.0,0.0,0.0,0.0,0.0
2023-09-25,0.0,0.0,0.0,0.0,0.0,0.0,0.0,0.0,0.0,0.0,0.0,0.0,0.0,0.0,0.0
2023-09-26,0.0,0.0,0.0,0.0,0.0,0.0,0.0,0.0,0.0,0.0,0.0,0.0,0.0,0.0,0.0
2023-09-27,0.0,0.0,0.0,0.0,0.0,0.0,0.0,0.0,0.0,0.0,0.0,0.0,0.0,0.0,0.0
2023-09-28,0.0,0.0,0.0,0.0,0.0,0.0,0.0,0.0,0.0,0.0,0.0,0.0,0.0,0.0,0.0
2023-09-29,0.0,0.0,0.0,0.0,0.0,0.0,0.0,0.0,0.0,0.0,0.0,0.0,0.0,0.0,0.0
2023-10-02,0.0,0.0,0.0,0.0,0.0,0.0,0.0,0.0,0.0,0.0,0.0,0.0,0.0,0.0,0.0
2023-10-03,0.0,0.0,0.0,0.0,0.0,0.0,0.0,0.0,0.0,0.0,0.0,0.0,0.0,0.0,0.0
2023-10-04,0.0,0.0,0.0,0.0,0.0,0.0,0.0,0.0,0.0,0.0,0.0,0.0,0.0,0.0,0.0
2023-10-05,0.0,0.0,0.0,0.0,0.0,0.0,0.0,0.0,0.0,0.0,0.0,0.0,0.0,0.0,0.0
2023-10-06,0.0,0.0,0.0,0.0,0.0,0.0,0.0,0.0,0.0,0.0,0.0,0.0,0.0,0.0,0.0
2023-10-10,0.0,0.0,0.0,0.0,0.0,0.0,0.0,0.0,0.0,0.0,0.0,0.0,0.0,0.0,0.0
2023-10-11,0.0,0.0,0.0,0.0,0.0,0.0,0.0,0.0,0.0,0.0,0.0,0.0,0.0,0.0,0.0
2023-10-12,0.0,0.0,0.0,0.0,0.0,0.0,0.0,0.0,0.0,0.0,0.0,0.0,0.0,0.0,0.0
2023-10-13,0.0,0.0,0.0,0.0,0.0,0.0,0.0,0.0,0.0,0.0,0.0,0.0,0.0,0.0,0.0
2023-10-16,0.0,0.0,0.0,0.0,0.0,0.0,0.0,0.0,0.0,0.0,0.0,0.0,0.0,0.0,0.0
2023-10-17,0.0,0.0,0.0,0.0,0.0,0.0,0.0,0.0,0.0,0.0,0.0,0.0,0.0,0.0,0.0
2023-10-18,0.0,0.0,0.0,0.0,0.0,0.0,0.0,0.0,0.0,0.0,0.0,0.0,0.0,0.0,0.0
2023-10-19,0.0,0.0,0.0,0.0,0.0,0.0,0.0,0.0,0.0,0.0,0.0,0.0,0.0,0.0,0.0
2023-10-20,0.0,0.0,0.0,0.0,0.0,0.0,0.0,0.0,0.0,0.0,0.0,0.0,0.0,0.0,0.0
2023-10-23,0.0,0.0,0.0,0.0,0.0,0.0,0.0,0.0,0.0,0.0,0.0,0.0,0.0,0.0,0.0
2023-10-24,0.0,0.0,0.0,0.0,0.0,0.0,0.0,0.0,0.0,0.0,0.0,0.0,0.0,0.0,0.0
2023-10-25,0.0,0.0,0.0,0.0,0.0,0.0,0.0,0.0,0.0,0.0,0.0,0.0,0.0,0.0,0.0
2023-10-26,0.0,0.0,0.0,0.0,0.0,0.0,0.0,0.0,0.0,0.0,0.0,0.0,0.0,0.0,0.0
2023-10-27,0.0,0.0,0.0,0.0,0.0,0.0,0.0,0.0,0.0,0.0,0.0,0.0,0.0,0.0,0.0
2023-10-30,0.0,0.0,0.0,0.0,0.0,0.0,0.0,0.0,0.0,0.0,0.0,0.0,0.0,0.0,0.0
2023-10-31,0.0,0.0,0.0,0.0,0.0,0.0,0.0,0.0,0.0,0.0,0.0,0.0,0.0,0.0,0.0
2023-11-01,0.0,0.0,0.0,0.0,0.0,0.0,0.0,0.0,0.0,0.0,0.0,0.0,0.0,0.0,0.0
2023-11-02,0.0,0.0,0.0,0.0,0.0,0.0,0.0,0.0,0.0,0.0,0.0,0.0,0.0,0.0,0.0
2023-11-06,0.0,0.0,0.0,0.0,0.0,0.0,0.0,0.0,0.0,0.0,0.0,0.0,0.0,0.0,0.0
2023-11-07,0.0670152073082147,0.06779318984337519,0.07265463655147092,0.06309207485882037,0.061111548357064026,0.06789513437803771,0.07047258565883265,0.0671724345954679,0.0700768140788415,0.06966139091603624,0.06775262493126374,0.058893521902197404,0.07072336320469018,0.07007717284074837,0.055608300574939346
2023-11-08,0.0,0.12055781597233489,0.10731198323164294,0.09662742167297707,0.08121949284810503,0.10601932880523812,0.09947898202847211,0.11925239776634262,0.10809410531614892,0.0,0.06829888011838478,0.0,0.0,0.09313959224035352,0.0
2023-11-09,0.0,0.0794468253643337,0.1438800058808035,0.06639770369937954,0.0843819023031238,0.070929212837959,0.1337021303264338,0.16397831808772814,0.1308062960251835,0.0,0.039993294805301664,0.0,0.0,0.08648431066975325,0.0
2023-11-10,0.0,0.07994450364030446,0.14945950513533376,0.0695593384554911,0.09167039307581638,0.07362095007700335,0.13923177808904913,0.1607246275609532,0.14581945777946478,0.0,0.042335247720357704,0.0,0.0,0.047634198466226074,0.0
2023-11-13,0.0,0.08130431106543598,0.14595920626589393,0.07007787517991336,0.09857904320484713,0.062075251424059105,0.12870575656805877,0.15056908396141738,0.1767042016175761,0.0,0.04584883405268002,0.0,0.0,0.04017643666011835,0.0
2023-11-14,0.0,0.0808050666921354,0.13886961438559123,0.06856622532509733,0.11683181628691987,0.05876918389638036,0.1305873375883305,0.14534580022206628,0.21466553607316022,0.0,0.04555941953031876,0.0,0.0,0.0,0.0
2023-11-15,0.0,0.07678943340939884,0.13286553442264673,0.06643281308042416,0.12906382128184793,0.05830708158194333,0.11279904389571861,0.13772401247898602,0.24206865893273363,0.0,0.04394960091630078,0.0,0.0,0.0,0.0
2023-11-16,0.0,0.06475482863482036,0.13142028426650365,0.04765531558196998,0.1294023142949731,0.057547121220238966,0.1168407961719609,0.1373585279680036,0.27222170125614686,0.0,0.04279911060538264,0.0,0.0,0.0,0.0
2023-11-17,0.0,0.06949417129385825,0.13290811663083354,0.0,0.13495794571295885,0.058272817483991594,0.11831731280428999,0.13519296818702928,0.3102575796927063,0.0,0.04059908819433222,0.0,0.0,0.0,0.0
2023-11-20,0.0,0.04564923059361645,0.12606000827263728,0.0,0.1369969994643843,0.059309655841377026,0.10831036197485598,0.1266843044214754,0.3572055405557435,0.0,0.03978389887591004,0.0,0.0,0.0,0.0
2023-11-21,0.0,0.0,0.14390983844201977,0.0,0.15847705752444904,0.06780388113265089,0.11473710091470898,0.14251724078261793,0.3274884814020511,0.0,0.045066399801502253,0.0,0.0,0.0,0.0
2023-11-22,0.0,0.0,0.1407787777393718,0.0,0.19136774613046578,0.064407717141004,0.10989156846570777,0.13730014204726862,0.31233780006567946,0.0,0.04391624841050259,0.0,0.0,0.0,0.0
2023-11-24,0.0,0.0,0.1307552460750872,0.0,0.2285442421753302,0.0671686942356568,0.11692825253847935,0.08996983414290223,0.32926807829546834,0.0,0.03736565253707593,0.0,0.0,0.0,0.0
2023-11-27,0.0,0.0,0.1330582685613073,0.0,0.2665870841938956,0.06685238206815762,0.12233664509673699,0.054361930814250024,0.3169463924943019,0.0,0.039857296771350484,0.0,0.0,0.0,0.0
2023-11-28,0.0,0.0,0.1215398549124977,0.0,0.31328924604099734,0.06610041176999698,0.0962931473510763,0.055152930865558045,0.3090189125549523,0.0,0.0386054965049213,0.0,0.0,0.0,0.0
2023-11-29,0.0,0.0,0.12186199006739606,0.0,0.36943375621951435,0.06842468933554643,0.05083706622064641,0.05658451360879211,0.29326925046231545,0.0,0.039588734085789154,0.0,0.0,0.0,0.0
2023-11-30,0.0,0.0,0.12350747310711217,0.0,0.4390495625359672,0.06556639941837457,0.0,0.05801904098082051,0.27669400774548975,0.0,0.03716351621223586,0.0,0.0,0.0,0.0
2023-12-01,0.0,0.0,0.13523665576764032,0.0,0.39165200390398686,0.06773134389816227,0.0,0.06403581230108585,0.30370535670637644,0.0,0.03763882742274812,0.0,0.0,0.0,0.0
2023-12-04,0.0,0.0,0.12912034934780597,0.0,0.3809448027948698,0.06308452474794843,0.0,0.057966846102765895,0.33153167059450517,0.0,0.03735180641210477,0.0,0.0,0.0,0.0
2023-12-05,0.0,0.0,0.12558965064583363,0.0,0.35264102330149016,0.06238965165174885,0.0,0.0564063005130487,0.36551688733160304,0.0,0.037456486556275564,0.0,0.0,0.0,0.0
2023-12-06,0.003182946629990027,0.00282887867313293,0.11748364061849528,0.00335902487511324,0.3247842485901733,0.05870507104905218,0.0017614027052034415,0.05534402090850558,0.38493605673844666,0.0032402859870160994,0.03613916781816246,4.543093168577426e-05,0.0038375545430106533,0.0014083313751504848,0.002943938556862141
2023-12-07,0.0,0.0,0.11807195908881492,0.0,0.31390773274363887,0.05773350134991639,0.0,0.05607637470301558,0.4190476272089445,0.0,0.035162804905669746,0.0,0.0,0.0,0.0
2023-12-08,0.0,0.0,0.0,0.0,0.0,0.0,0.0,0.0,0.0,0.0,0.0,0.0,0.0,0.0,0.0
2023-12-11,0.0,0.0,0.0,0.0,0.0,0.0,0.0,0.0,0.0,0.0,0.0,0.0,0.0,0.0,0.0
2023-12-12,0.0,0.0,0.0,0.0,0.0,0.0,0.0,0.0,0.0,0.0,0.0,0.0,0.0,0.0,0.0
2023-12-13,0.0,0.0,0.0,0.0,0.0,0.0,0.0,0.0,0.0,0.0,0.0,0.0,0.0,0.0,0.0
2023-12-14,0.0,0.0,0.0,0.0,0.0,0.0,0.0,0.0,0.0,0.0,0.0,0.0,0.0,0.0,0.0
2023-12-15,0.0,0.0,0.0,0.0,0.0,0.0,0.0,0.0,0.0,0.0,0.0,0.0,0.0,0.0,0.0
2023-12-18,0.0,0.0,0.0,0.0,0.0,0.0,0.0,0.0,0.0,0.0,0.0,0.0,0.0,0.0,0.0
2023-12-19,0.0,0.0,0.0,0.0,0.0,0.0,0.0,0.0,0.0,0.0,0.0,0.0,0.0,0.0,0.0
2023-12-20,0.0,0.0,0.0,0.0,0.0,0.0,0.0,0.0,0.0,0.0,0.0,0.0,0.0,0.0,0.0
2023-12-21,0.0,0.0,0.0,0.0,0.0,0.0,0.0,0.0,0.0,0.0,0.0,0.0,0.0,0.0,0.0
2023-12-22,0.0,0.0,0.0,0.0,0.0,0.0,0.0,0.0,0.0,0.0,0.0,0.0,0.0,0.0,0.0
2023-12-25,0.0,0.0,0.0,0.0,0.0,0.0,0.0,0.0,0.0,0.0,0.0,0.0,0.0,0.0,0.0
2023-12-26,0.0,0.0,0.0,0.0,0.0,0.0,0.0,0.0,0.0,0.0,0.0,0.0,0.0,0.0,0.0
2023-12-27,0.0,0.0,0.0,0.0,0.0,0.0,0.0,0.0,0.0,0.0,0.0,0.0,0.0,0.0,0.0
2023-12-28,0.0,0.0,0.0,0.0,0.0,0.0,0.0,0.0,0.0,0.0,0.0,0.0,0.0,0.0,0.0
2023-12-29,0.0,0.0,0.0,0.0,0.0,0.0,0.0,0.0,0.0,0.0,0.0,0.0,0.0,0.0,0.0
2024-01-04,0.0,0.0,0.0,0.0,0.0,0.0,0.0,0.0,0.0,0.0,0.0,0.0,0.0,0.0,0.0
2024-01-05,0.0,0.0,0.0,0.0,0.0,0.0,0.0,0.0,0.0,0.0,0.0,0.0,0.0,0.0,0.0
2024-01-09,0.06770872508011615,0.061249967328174476,0.06973021553644586,0.06854099076062195,0.06543165012697678,0.0684175697882563,0.060272194439914134,0.06723981438149583,0.07340680659841362,0.0710060168190897,0.06990669066987158,0.05640736367082999,0.07125195273848901,0.0607821508680449,0.06864789119325973
2024-01-10,0.0,0.0,0.09495422655216575,0.10303984223432254,0.10506781440958468,0.11377352966188718,0.08104412325903253,0.0899316005880277,0.11671884091471656,0.0,0.11730392904529917,0.0,0.0,0.06796648679774538,0.11019960653721862
2024-01-11,0.0,0.0,0.07737829822813556,0.07987035554896145,0.1289663112020846,0.09370580377856402,0.06856165036175339,0.07849540520352782,0.17670791435862243,0.0,0.15034017728177285,0.0,0.0,0.048740569630301954,0.09723351440627581
2024-01-12,0.0,0.0,0.06755013967733818,0.06793168297478203,0.15334778673763141,0.08050104746494142,0.060960464806831205,0.06765110160235503,0.21885028945171794,0.0,0.17141378935698434,0.0,0.0,0.045108605570776346,0.06668509235664208
2024-01-15,0.0,0.0,0.06397087301415579,0.067447263566946,0.17055385362677886,0.07388316684481422,0.06343816653640169,0.0626112582329299,0.26063629764109275,0.0,0.19530373955292302,0.0,0.0,0.0421553809839577,0.0
2024-01-16,0.0,0.0,0.05976504173612811,0.06062385277952629,0.17800897762649417,0.06069548800054746,0.05838491149802108,0.05720300553370273,0.27437600670621176,0.0,0.21205858655753426,0.0,0.0,0.0388841295618341,0.0
2024-01-17,0.0,0.0,0.06223163113582225,0.0,0.19629446174560483,0.06790430903550694,0.06397493625462351,0.05842050726695085,0.3228840179701037,0.0,0.22829013659138786,0.0,0.0,0.0,0.0
2024-01-18,0.0,0.0,0.05833517362717879,0.0,0.1864309292956118,0.0646457025695855,0.03523228037817043,0.055917565257338146,0.35957228562174,0.0,0.2398660632503754,0.0,0.0,0.0,0.0
2024-01-19,0.0,0.0,0.052816755778476006,0.0,0.1748431613266839,0.06671818652629843,0.0,0.057528649636833,0.4060099033026616,0.0,0.24208334342904697,0.0,0.0,0.0,0.0
2024-01-22,0.0,0.0,0.0,0.0,0.17065986294493282,0.06636747254809795,0.0,0.05764134540451015,0.4535115063925083,0.0,0.25181981270995063,0.0,0.0,0.0,0.0
2024-01-23,0.0,0.0,0.0,0.0,0.16714899051403634,0.0643085987751472,0.0,0.047341570250387814,0.47618920009527976,0.0,0.24501164036514875,0.0,0.0,0.0,0.0
2024-01-24,0.0,0.0,0.0,0.0,0.172008244617195,0.06704223594442331,0.0,0.0,0.5042557669314055,0.0,0.2566937525069763,0.0,0.0,0.0,0.0
2024-01-25,0.0,0.0,0.0,0.0,0.16349951685471584,0.06482322139718397,0.0,0.0,0.520365483305336,0.0,0.2513117784427641,0.0,0.0,0.0,0.0
2024-01-26,0.0,0.0,0.0,0.0,0.16073961898999578,0.06697784562451738,0.0,0.0,0.5225417399655744,0.0,0.24974079541991248,0.0,0.0,0.0,0.0
2024-01-29,0.0,0.0,0.0,0.0,0.14913183451869028,0.06305960585186417,0.0,0.0,0.5399160086833574,0.0,0.24789255094608825,0.0,0.0,0.0,0.0
2024-01-30,0.0,0.0,0.0,0.0,0.17126120027564806,0.07311162172028776,0.0,0.0,0.46379311875533635,0.0,0.2918340592487278,0.0,0.0,0.0,0.0
2024-01-31,0.0,0.0,0.0,0.0,0.18821895536042743,0.07144124261326279,0.0,0.0,0.41249463878190407,0.0,0.3278451632444057,0.0,0.0,0.0,0.0
2024-02-01,0.0,0.0,0.0,0.0,0.2345557094578257,0.07595274947104569,0.0,0.0,0.3022985403252717,0.0,0.38719300074585694,0.0,0.0,0.0,0.0
2024-02-02,0.0,0.0,0.0,0.0,0.2655066527416456,0.06828411782133793,0.0,0.0,0.2145679847072144,0.0,0.45164124472980205,0.0,0.0,0.0,0.0
2024-02-05,0.0,0.0,0.0,0.0,0.5378570192487518,0.12470593039214493,0.0,0.0,0.3374370503591032,0.0,0.0,0.0,0.0,0.0,0.0
2024-02-06,0.005448256631645512,0.002961264139248246,0.0056177730653698,0.003890095990512382,0.5534082300925268,0.07381643811264764,0.004721484482974532,0.005989748959338682,0.31042988562632357,0.005759239820199758,0.00611634278783412,0.004316701550059638,0.0060925523988629975,0.005526034606399974,0.005905951736055804
2024-02-07,0.0,0.0,0.0,0.0,0.6197197640552319,0.07300796027646818,0.0,0.0,0.3072722756682999,0.0,0.0,0.0,0.0,0.0,0.0
2024-02-08,0.0,0.0,0.0,0.0,0.6456934077109644,0.05738784173139404,0.0,0.0,0.2969187505576415,0.0,0.0,0.0,0.0,0.0,0.0
2024-02-09,0.0,0.0,0.0,0.0,0.7231256383062626,0.0,0.0,0.0,0.27687436169373747,0.0,0.0,0.0,0.0,0.0,0.0
2024-02-13,0.0,0.0,0.0,0.0,0.7955699014756664,0.0,0.0,0.0,0.20443009852433344,0.0,0.0,0.0,0.0,0.0,0.0
2024-02-14,0.0,0.0,0.0,0.0,0.8449690728870417,0.0,0.0,0.0,0.15503092711295818,0.0,0.0,0.0,0.0,0.0,0.0
2024-02-15,0.0,0.0,0.0,0.0,0.8824271473989862,0.0,0.0,0.0,0.11757285260101381,0.0,0.0,0.0,0.0,0.0,0.0
2024-02-16,0.0,0.0,0.0,0.0,0.908377877553798,0.0,0.0,0.0,0.09162212244620196,0.0,0.0,0.0,0.0,0.0,0.0
2024-02-19,0.0,0.0,0.0,0.0,0.9153818848372671,0.0,0.0,0.0,0.08461811516273295,0.0,0.0,0.0,0.0,0.0,0.0
2024-02-20,0.0,0.0,0.0,0.0,0.9309881412683321,0.0,0.0,0.0,0.0690118587316679,0.0,0.0,0.0,0.0,0.0,0.0
2024-02-21,0.0,0.0,0.0,0.0,0.9475863020561781,0.0,0.0,0.0,0.05241369794382182,0.0,0.0,0.0,0.0,0.0,0.0
2024-02-22,0.0,0.0,0.0,0.0,0.964340672690182,0.0,0.0,0.0,0.03565932730981797,0.0,0.0,0.0,0.0,0.0,0.0
2024-02-26,0.0,0.0,0.0,0.0,0.9815406750684872,0.0,0.0,0.0,0.01845932493151281,0.0,0.0,0.0,0.0,0.0,0.0
2024-02-27,0.0,0.0,0.0,0.0,0.9800356264647215,0.0,0.0,0.0,0.019964373535278586,0.0,0.0,0.0,0.0,0.0,0.0
2024-02-28,0.0,0.0,0.0,0.0,0.9805237241304411,0.0,0.0,0.0,0.01947627586955888,0.0,0.0,0.0,0.0,0.0,0.0
2024-02-29,0.0,0.0,0.0,0.0,0.9807130557617453,0.0,0.0,0.0,0.019286944238254763,0.0,0.0,0.0,0.0,0.0,0.0
2024-03-01,0.0,0.0,0.0,0.0,0.9808432059654119,0.0,0.0,0.0,0.019156794034588222,0.0,0.0,0.0,0.0,0.0,0.0
2024-03-04,0.0,0.0,0.0,0.0,0.9815751196935988,0.0,0.0,0.0,0.018424880306401166,0.0,0.0,0.0,0.0,0.0,0.0
2024-03-05,0.0,0.0,0.0,0.0,0.9866694104175039,0.0,0.0,0.0,0.013330589582496223,0.0,0.0,0.0,0.0,0.0,0.0
2024-03-06,0.0,0.0,0.0,0.0,1.0,0.0,0.0,0.0,0.0,0.0,0.0,0.0,0.0,0.0,0.0
2024-03-07,0.0003463781082331428,0.0,0.0006421592699294552,0.0,0.9938504754877715,0.0,0.0,0.0005788530440767587,0.0,0.0005100846490378228,0.0,0.001832741841760316,0.002239307599190972,0.0,0.0
2024-03-08,0.0,0.0,0.0,0.0,1.0,0.0,0.0,0.0,0.0,0.0,0.0,0.0,0.0,0.0,0.0
2024-03-11,0.0,0.0,0.0,0.0,1.0,0.0,0.0,0.0,0.0,0.0,0.0,0.0,0.0,0.0,0.0
2024-03-12,0.0,0.0,0.0,0.0,1.0,0.0,0.0,0.0,0.0,0.0,0.0,0.0,0.0,0.0,0.0
2024-03-13,0.0,0.0,0.0,0.0,1.0,0.0,0.0,0.0,0.0,0.0,0.0,0.0,0.0,0.0,0.0
2024-03-14,0.0,0.0,0.0,0.0,1.0,0.0,0.0,0.0,0.0,0.0,0.0,0.0,0.0,0.0,0.0
2024-03-15,0.0,0.0,0.0,0.0,1.0,0.0,0.0,0.0,0.0,0.0,0.0,0.0,0.0,0.0,0.0
2024-03-18,0.0,0.0,0.0,0.0,1.0,0.0,0.0,0.0,0.0,0.0,0.0,0.0,0.0,0.0,0.0
2024-03-19,0.0,0.0,0.0,0.0,1.0,0.0,0.0,0.0,0.0,0.0,0.0,0.0,0.0,0.0,0.0
2024-03-21,0.0,0.0,0.0,0.0,1.0,0.0,0.0,0.0,0.0,0.0,0.0,0.0,0.0,0.0,0.0
2024-03-22,0.0,0.0,0.0,0.0,1.0,0.0,0.0,0.0,0.0,0.0,0.0,0.0,0.0,0.0,0.0
2024-03-25,0.0,0.0,0.0,0.0,1.0,0.0,0.0,0.0,0.0,0.0,0.0,0.0,0.0,0.0,0.0
2024-03-26,0.0,0.0,0.0,0.0,1.0,0.0,0.0,0.0,0.0,0.0,0.0,0.0,0.0,0.0,0.0
2024-03-27,0.0,0.0,0.0,0.0,1.0,0.0,0.0,0.0,0.0,0.0,0.0,0.0,0.0,0.0,0.0
2024-03-28,0.0,0.0,0.0,0.0,1.0,0.0,0.0,0.0,0.0,0.0,0.0,0.0,0.0,0.0,0.0
2024-03-29,0.0,0.0,0.0,0.0,1.0,0.0,0.0,0.0,0.0,0.0,0.0,0.0,0.0,0.0,0.0
2024-04-01,0.0,0.0,0.0,0.0,1.0,0.0,0.0,0.0,0.0,0.0,0.0,0.0,0.0,0.0,0.0
2024-04-02,0.0,0.0,0.0,0.0,1.0,0.0,0.0,0.0,0.0,0.0,0.0,0.0,0.0,0.0,0.0
2024-04-03,0.0,0.0,0.0,0.0,1.0,0.0,0.0,0.0,0.0,0.0,0.0,0.0,0.0,0.0,0.0
2024-04-04,0.0,0.0,0.0,0.0,1.0,0.0,0.0,0.0,0.0,0.0,0.0,0.0,0.0,0.0,0.0
2024-04-05,0.0007324053719564189,0.0,0.001018790424164084,0.0005427211186948864,0.9897462629979453,0.004011263281707105,5.414796943097019e-06,0.00021472154171193382,0.00010544766994151566,0.0005407011915152744,0.0,0.0005204068992428731,0.0025618647061774955,0.0,0.0
2024-04-08,0.0,0.0,0.0,0.0,1.0,0.0,0.0,0.0,0.0,0.0,0.0,0.0,0.0,0.0,0.0
2024-04-09,0.0,0.0,0.0,0.0,1.0,0.0,0.0,0.0,0.0,0.0,0.0,0.0,0.0,0.0,0.0
2024-04-10,0.0,0.0,0.0,0.0,1.0,0.0,0.0,0.0,0.0,0.0,0.0,0.0,0.0,0.0,0.0
2024-04-11,0.0,0.0,0.0,0.0,1.0,0.0,0.0,0.0,0.0,0.0,0.0,0.0,0.0,0.0,0.0
2024-04-12,0.0,0.0,0.0,0.0,1.0,0.0,0.0,0.0,0.0,0.0,0.0,0.0,0.0,0.0,0.0
2024-04-15,0.0,0.0,0.0,0.0,1.0,0.0,0.0,0.0,0.0,0.0,0.0,0.0,0.0,0.0,0.0
2024-04-16,0.0,0.0,0.0,0.0,1.0,0.0,0.0,0.0,0.0,0.0,0.0,0.0,0.0,0.0,0.0
2024-04-17,0.0,0.0,0.0,0.0,0.0,0.0,0.0,0.0,0.0,0.0,0.0,0.0,0.0,0.0,0.0
2024-04-18,0.0,0.0,0.0,0.0,0.0,0.0,0.0,0.0,0.0,0.0,0.0,0.0,0.0,0.0,0.0
2024-04-19,0.0,0.0,0.0,0.0,0.0,0.0,0.0,0.0,0.0,0.0,0.0,0.0,0.0,0.0,0.0
2024-04-22,0.0,0.0,0.0,0.0,0.0,0.0,0.0,0.0,0.0,0.0,0.0,0.0,0.0,0.0,0.0
2024-04-23,0.0,0.0,0.0,0.0,0.0,0.0,0.0,0.0,0.0,0.0,0.0,0.0,0.0,0.0,0.0
2024-04-24,0.0,0.0,0.0,0.0,0.0,0.0,0.0,0.0,0.0,0.0,0.0,0.0,0.0,0.0,0.0
2024-04-25,0.0,0.0,0.0,0.0,0.0,0.0,0.0,0.0,0.0,0.0,0.0,0.0,0.0,0.0,0.0
2024-04-26,0.0,0.0,0.0,0.0,0.0,0.0,0.0,0.0,0.0,0.0,0.0,0.0,0.0,0.0,0.0
2024-04-30,0.0,0.0,0.0,0.0,0.0,0.0,0.0,0.0,0.0,0.0,0.0,0.0,0.0,0.0,0.0
2024-05-01,0.0,0.0,0.0,0.0,0.0,0.0,0.0,0.0,0.0,0.0,0.0,0.0,0.0,0.0,0.0
2024-05-02,0.0,0.0,0.0,0.0,0.0,0.0,0.0,0.0,0.0,0.0,0.0,0.0,0.0,0.0,0.0
2024-05-07,0.0,0.0,0.0,0.0,0.0,0.0,0.0,0.0,0.0,0.0,0.0,0.0,0.0,0.0,0.0
2024-05-08,0.0,0.0,0.0,0.0,0.0,0.0,0.0,0.0,0.0,0.0,0.0,0.0,0.0,0.0,0.0
2024-05-09,0.0,0.0,0.0,0.0,0.0,0.0,0.0,0.0,0.0,0.0,0.0,0.0,0.0,0.0,0.0
2024-05-10,0.0,0.0,0.0,0.0,0.0,0.0,0.0,0.0,0.0,0.0,0.0,0.0,0.0,0.0,0.0
2024-05-13,0.0,0.0,0.0,0.0,0.0,0.0,0.0,0.0,0.0,0.0,0.0,0.0,0.0,0.0,0.0
2024-05-14,0.0,0.0,0.0,0.0,0.0,0.0,0.0,0.0,0.0,0.0,0.0,0.0,0.0,0.0,0.0
2024-05-15,0.0,0.0,0.0,0.0,0.0,0.0,0.0,0.0,0.0,0.0,0.0,0.0,0.0,0.0,0.0
2024-05-16,0.0,0.0,0.0,0.0,0.0,0.0,0.0,0.0,0.0,0.0,0.0,0.0,0.0,0.0,0.0
2024-05-17,0.0,0.0,0.0,0.0,0.0,0.0,0.0,0.0,0.0,0.0,0.0,0.0,0.0,0.0,0.0
2024-05-20,0.0,0.0,0.0,0.0,0.0,0.0,0.0,0.0,0.0,0.0,0.0,0.0,0.0,0.0,0.0
2024-05-21,0.0,0.0,0.0,0.0,0.0,0.0,0.0,0.0,0.0,0.0,0.0,0.0,0.0,0.0,0.0
2024-05-22,0.0,0.0,0.0,0.0,0.0,0.0,0.0,0.0,0.0,0.0,0.0,0.0,0.0,0.0,0.0
2024-05-23,0.0,0.0,0.0,0.0,0.0,0.0,0.0,0.0,0.0,0.0,0.0,0.0,0.0,0.0,0.0
2024-05-24,0.0,0.0,0.0,0.0,0.0,0.0,0.0,0.0,0.0,0.0,0.0,0.0,0.0,0.0,0.0
2024-05-27,0.0,0.0,0.0,0.0,0.0,0.0,0.0,0.0,0.0,0.0,0.0,0.0,0.0,0.0,0.0
2024-05-28,0.0,0.0,0.0,0.0,0.0,0.0,0.0,0.0,0.0,0.0,0.0,0.0,0.0,0.0,0.0
2024-05-29,0.0,0.0,0.0,0.0,0.0,0.0,0.0,0.0,0.0,0.0,0.0,0.0,0.0,0.0,0.0
2024-05-30,0.0,0.0,0.0,0.0,0.0,0.0,0.0,0.0,0.0,0.0,0.0,0.0,0.0,0.0,0.0
2024-05-31,0.0,0.0,0.0,0.0,0.0,0.0,0.0,0.0,0.0,0.0,0.0,0.0,0.0,0.0,0.0
2024-06-03,0.0,0.0,0.0,0.0,0.0,0.0,0.0,0.0,0.0,0.0,0.0,0.0,0.0,0.0,0.0
2024-06-04,0.0,0.0,0.0,0.0,0.0,0.0,0.0,0.0,0.0,0.0,0.0,0.0,0.0,0.0,0.0
2024-06-05,0.0,0.0,0.0,0.0,0.0,0.0,0.0,0.0,0.0,0.0,0.0,0.0,0.0,0.0,0.0
2024-06-06,0.0,0.0,0.0,0.0,0.0,0.0,0.0,0.0,0.0,0.0,0.0,0.0,0.0,0.0,0.0
2024-06-07,0.0,0.0,0.0,0.0,0.0,0.0,0.0,0.0,0.0,0.0,0.0,0.0,0.0,0.0,0.0
2024-06-10,0.0,0.0,0.0,0.0,0.0,0.0,0.0,0.0,0.0,0.0,0.0,0.0,0.0,0.0,0.0
2024-06-11,0.0,0.0,0.0,0.0,0.0,0.0,0.0,0.0,0.0,0.0,0.0,0.0,0.0,0.0,0.0
2024-06-12,0.0,0.0,0.0,0.0,0.0,0.0,0.0,0.0,0.0,0.0,0.0,0.0,0.0,0.0,0.0
2024-06-13,0.0,0.0,0.0,0.0,0.0,0.0,0.0,0.0,0.0,0.0,0.0,0.0,0.0,0.0,0.0
2024-06-14,0.0,0.0,0.0,0.0,0.0,0.0,0.0,0.0,0.0,0.0,0.0,0.0,0.0,0.0,0.0
2024-06-17,0.0,0.0,0.0,0.0,0.0,0.0,0.0,0.0,0.0,0.0,0.0,0.0,0.0,0.0,0.0
2024-06-18,0.0,0.0,0.0,0.0,0.0,0.0,0.0,0.0,0.0,0.0,0.0,0.0,0.0,0.0,0.0
2024-06-19,0.0,0.0,0.0,0.0,0.0,0.0,0.0,0.0,0.0,0.0,0.0,0.0,0.0,0.0,0.0
2024-06-20,0.0,0.0,0.0,0.0,0.0,0.0,0.0,0.0,0.0,0.0,0.0,0.0,0.0,0.0,0.0
2024-06-21,0.0,0.0,0.0,0.0,0.0,0.0,0.0,0.0,0.0,0.0,0.0,0.0,0.0,0.0,0.0
2024-06-24,0.0,0.0,0.0,0.0,0.0,0.0,0.0,0.0,0.0,0.0,0.0,0.0,0.0,0.0,0.0
2024-06-25,0.0,0.0,0.0,0.0,0.0,0.0,0.0,0.0,0.0,0.0,0.0,0.0,0.0,0.0,0.0
2024-06-26,0.0,0.0,0.0,0.0,0.0,0.0,0.0,0.0,0.0,0.0,0.0,0.0,0.0,0.0,0.0
2024-06-27,0.0,0.0,0.0,0.0,0.0,0.0,0.0,0.0,0.0,0.0,0.0,0.0,0.0,0.0,0.0
2024-06-28,0.0,0.0,0.0,0.0,0.0,0.0,0.0,0.0,0.0,0.0,0.0,0.0,0.0,0.0,0.0
2024-07-01,0.0,0.0,0.0,0.0,0.0,0.0,0.0,0.0,0.0,0.0,0.0,0.0,0.0,0.0,0.0
2024-07-02,0.0,0.0,0.0,0.0,0.0,0.0,0.0,0.0,0.0,0.0,0.0,0.0,0.0,0.0,0.0
2024-07-03,0.06984947024405001,0.07033307445714401,0.06222927075829917,0.06885544207131236,0.07315307602532259,0.06592812606876751,0.060594977177979986,0.07237880969471752,0.07593186861298953,0.0511954469837636,0.0690010189174129,0.06172376014917432,0.06466435352113208,0.060723390687716074,0.07343791463021825
2024-07-04,0.0,0.0,0.0,0.0,0.23886229265185466,0.0,0.0,0.23344847196862317,0.23071626356716032,0.0,0.13640373952663434,0.0,0.0,0.16056923228572753,0.0
2024-07-05,0.0,0.0,0.0,0.0,0.27095260594448367,0.0,0.0,0.19181461511492245,0.26015383247770263,0.0,0.129105019101753,0.0,0.0,0.14797392736113815,0.0
2024-07-08,0.0,0.0,0.0,0.0,0.285151430726273,0.0,0.0,0.18599275833384707,0.26313414403275687,0.0,0.12185397153916638,0.0,0.0,0.14386769536795674,0.0
2024-07-09,0.0,0.0,0.0,0.0,0.30354546603995325,0.0,0.0,0.18413425292998956,0.2879045321969971,0.0,0.12187627448488186,0.0,0.0,0.10253947434817835,0.0
2024-07-10,0.0,0.0,0.0,0.0,0.32015574133608554,0.0,0.0,0.18131610370071963,0.3093559009751212,0.0,0.11808038454994615,0.0,0.0,0.07109186943812734,0.0
2024-07-11,0.0,0.0,0.0,0.0,0.34574547337371997,0.0,0.0,0.17049861810451533,0.3339521601374535,0.0,0.10903029772759656,0.0,0.0,0.04077345065671465,0.0
2024-07-12,0.0,0.0,0.0,0.0,0.38838555321021195,0.0,0.0,0.1301868881370358,0.397238776270588,0.0,0.08418878238216418,0.0,0.0,0.0,0.0
2024-07-16,0.0,0.0,0.0,0.0,0.3698592196657056,0.0,0.0,0.12483420574003423,0.4240462002378372,0.0,0.08126037435642297,0.0,0.0,0.0,0.0
2024-07-17,0.0,0.0,0.0,0.0,0.35079361640274764,0.0,0.0,0.12022480742687776,0.44693833433808583,0.0,0.08204324183228882,0.0,0.0,0.0,0.0
2024-07-18,0.0,0.0,0.0,0.0,0.3438222470201863,0.0,0.0,0.11778269184635312,0.4577358340296918,0.0,0.08065922710376872,0.0,0.0,0.0,0.0
2024-07-19,0.0,0.0,0.0,0.0,0.32959009192576944,0.0,0.0,0.11722686370927703,0.4768184945901014,0.0,0.07636454977485221,0.0,0.0,0.0,0.0
2024-07-22,0.0,0.0,0.0,0.0,0.3336089584631336,0.0,0.0,0.11986660119422743,0.5063117842676829,0.0,0.04021265607495615,0.0,0.0,0.0,0.0
2024-07-23,0.0,0.0,0.0,0.0,0.3283210123473545,0.0,0.0,0.11790576866768843,0.5139725643627628,0.0,0.03980065462219414,0.0,0.0,0.0,0.0
2024-07-24,0.0,0.0,0.0,0.0,0.0,0.0,0.0,0.0,0.0,0.0,0.0,0.0,0.0,0.0,0.0
2024-07-25,0.0,0.0,0.0,0.0,0.0,0.0,0.0,0.0,0.0,0.0,0.0,0.0,0.0,0.0,0.0
2024-07-26,0.0,0.0,0.0,0.0,0.0,0.0,0.0,0.0,0.0,0.0,0.0,0.0,0.0,0.0,0.0
2024-07-29,0.0,0.0,0.0,0.0,0.0,0.0,0.0,0.0,0.0,0.0,0.0,0.0,0.0,0.0,0.0
2024-07-30,0.0,0.0,0.0,0.0,0.0,0.0,0.0,0.0,0.0,0.0,0.0,0.0,0.0,0.0,0.0
2024-07-31,0.0,0.0,0.0,0.0,0.0,0.0,0.0,0.0,0.0,0.0,0.0,0.0,0.0,0.0,0.0
2024-08-01,0.0,0.0,0.0,0.0,0.0,0.0,0.0,0.0,0.0,0.0,0.0,0.0,0.0,0.0,0.0
2024-08-02,0.0,0.0,0.0,0.0,0.0,0.0,0.0,0.0,0.0,0.0,0.0,0.0,0.0,0.0,0.0
2024-08-05,0.0,0.0,0.0,0.0,0.0,0.0,0.0,0.0,0.0,0.0,0.0,0.0,0.0,0.0,0.0
2024-08-06,0.0,0.0,0.0,0.0,0.0,0.0,0.0,0.0,0.0,0.0,0.0,0.0,0.0,0.0,0.0
2024-08-07,0.0,0.0,0.0,0.0,0.0,0.0,0.0,0.0,0.0,0.0,0.0,0.0,0.0,0.0,0.0
2024-08-08,0.0,0.0,0.0,0.0,0.0,0.0,0.0,0.0,0.0,0.0,0.0,0.0,0.0,0.0,0.0
2024-08-09,0.0,0.0,0.0,0.0,0.0,0.0,0.0,0.0,0.0,0.0,0.0,0.0,0.0,0.0,0.0
2024-08-13,0.0,0.0,0.0,0.0,0.0,0.0,0.0,0.0,0.0,0.0,0.0,0.0,0.0,0.0,0.0
2024-08-14,0.0,0.0,0.0,0.0,0.0,0.0,0.0,0.0,0.0,0.0,0.0,0.0,0.0,0.0,0.0
2024-08-15,0.0,0.0,0.0,0.0,0.0,0.0,0.0,0.0,0.0,0.0,0.0,0.0,0.0,0.0,0.0
2024-08-16,0.0,0.0,0.0,0.0,0.0,0.0,0.0,0.0,0.0,0.0,0.0,0.0,0.0,0.0,0.0
2024-08-19,0.0,0.0,0.0,0.0,0.0,0.0,0.0,0.0,0.0,0.0,0.0,0.0,0.0,0.0,0.0
2024-08-20,0.0,0.0,0.0,0.0,0.0,0.0,0.0,0.0,0.0,0.0,0.0,0.0,0.0,0.0,0.0
2024-08-21,0.0,0.0,0.0,0.0,0.0,0.0,0.0,0.0,0.0,0.0,0.0,0.0,0.0,0.0,0.0
2024-08-22,0.0,0.0,0.0,0.0,0.0,0.0,0.0,0.0,0.0,0.0,0.0,0.0,0.0,0.0,0.0
2024-08-23,0.0,0.0,0.0,0.0,0.0,0.0,0.0,0.0,0.0,0.0,0.0,0.0,0.0,0.0,0.0
2024-08-26,0.0,0.0,0.0,0.0,0.0,0.0,0.0,0.0,0.0,0.0,0.0,0.0,0.0,0.0,0.0
2024-08-27,0.0,0.0,0.0,0.0,0.0,0.0,0.0,0.0,0.0,0.0,0.0,0.0,0.0,0.0,0.0
2024-08-28,0.0,0.0,0.0,0.0,0.0,0.0,0.0,0.0,0.0,0.0,0.0,0.0,0.0,0.0,0.0
2024-08-29,0.0,0.0,0.0,0.0,0.0,0.0,0.0,0.0,0.0,0.0,0.0,0.0,0.0,0.0,0.0
2024-08-30,0.0533862830156477,0.06705947252780536,0.06529973480192704,0.0626895257229177,0.06547686538814525,0.05669098936213977,0.07014549697115363,0.0668092600889196,0.07509553434818902,0.07752901443724307,0.068474565149646,0.06455572070653502,0.06755305193633801,0.06046782063426277,0.07876666490913008
2024-09-02,0.0,0.0,0.15164234303323865,0.0,0.15382277097741787,0.0,0.0,0.12155650668926793,0.15759089337909302,0.0,0.10540935525966828,0.0,0.0,0.10744901547151299,0.20252911518980127
2024-09-03,0.0,0.0,0.14524328112453364,0.0,0.169627270320802,0.0,0.0,0.11555879741476882,0.17782305051968444,0.0,0.10230868008474656,0.0,0.0,0.10477570757246649,0.1846632129629982
2024-09-04,0.0,0.0,0.0,0.0,0.0,0.0,0.0,0.0,0.0,0.0,0.0,0.0,0.0,0.0,0.0
2024-09-05,0.0,0.0,0.0,0.0,0.0,0.0,0.0,0.0,0.0,0.0,0.0,0.0,0.0,0.0,0.0
2024-09-06,0.0,0.0,0.0,0.0,0.0,0.0,0.0,0.0,0.0,0.0,0.0,0.0,0.0,0.0,0.0
2024-09-09,0.0,0.0,0.0,0.0,0.0,0.0,0.0,0.0,0.0,0.0,0.0,0.0,0.0,0.0,0.0
2024-09-10,0.0,0.0,0.0,0.0,0.0,0.0,0.0,0.0,0.0,0.0,0.0,0.0,0.0,0.0,0.0
2024-09-11,0.0,0.0,0.0,0.0,0.0,0.0,0.0,0.0,0.0,0.0,0.0,0.0,0.0,0.0,0.0
2024-09-12,0.0,0.0,0.0,0.0,0.0,0.0,0.0,0.0,0.0,0.0,0.0,0.0,0.0,0.0,0.0
2024-09-13,0.0,0.0,0.0,0.0,0.0,0.0,0.0,0.0,0.0,0.0,0.0,0.0,0.0,0.0,0.0
2024-09-17,0.0,0.0,0.0,0.0,0.0,0.0,0.0,0.0,0.0,0.0,0.0,0.0,0.0,0.0,0.0
2024-09-18,0.0,0.0,0.0,0.0,0.0,0.0,0.0,0.0,0.0,0.0,0.0,0.0,0.0,0.0,0.0
2024-09-19,0.0,0.0,0.0,0.0,0.0,0.0,0.0,0.0,0.0,0.0,0.0,0.0,0.0,0.0,0.0
2024-09-20,0.0,0.0,0.0,0.0,0.0,0.0,0.0,0.0,0.0,0.0,0.0,0.0,0.0,0.0,0.0
2024-09-24,0.0,0.0,0.0,0.0,0.0,0.0,0.0,0.0,0.0,0.0,0.0,0.0,0.0,0.0,0.0
2024-09-25,0.0,0.0,0.0,0.0,0.0,0.0,0.0,0.0,0.0,0.0,0.0,0.0,0.0,0.0,0.0
2024-09-26,0.0,0.0,0.0,0.0,0.0,0.0,0.0,0.0,0.0,0.0,0.0,0.0,0.0,0.0,0.0
2024-09-27,0.0,0.0,0.0,0.0,0.0,0.0,0.0,0.0,0.0,0.0,0.0,0.0,0.0,0.0,0.0
2024-09-30,0.0,0.0,0.0,0.0,0.0,0.0,0.0,0.0,0.0,0.0,0.0,0.0,0.0,0.0,0.0
2024-10-01,0.05966386471636824,0.06526000842576948,0.06767712371072435,0.05856230467364864,0.08342154122825586,0.06154724864912552,0.06581240780772206,0.0652638814644184,0.08418830102915952,0.07568716670636765,0.07476294841841091,0.060822100562802274,0.049702918605053194,0.05123749397366173,0.07639069002851213
2024-10-02,0.0,0.0,0.14364041883682385,0.0,0.19688041562073075,0.0,0.0,0.10716330455615153,0.17258944143240018,0.0,0.10857145480089553,0.0,0.0,0.0830188084449665,0.18813615630803157
2024-10-03,0.0,0.0,0.1511263871760525,0.0,0.2342522357925771,0.0,0.0,0.1143820068853129,0.14296980432418246,0.0,0.1150856188227937,0.0,0.0,0.04650351989473303,0.1956804271043483
2024-10-04,0.0,0.0,0.1145305095900393,0.0,0.2880796770203158,0.0,0.0,0.11164356299395388,0.13397284303600204,0.0,0.1130218129905578,0.0,0.0,0.04697704660063448,0.1917745477684968
2024-10-07,0.0,0.0,0.05145169745576358,0.0,0.34826444828359504,0.0,0.0,0.11329123737188293,0.1310965741006526,0.0,0.11239481771730318,0.0,0.0,0.05161134599524329,0.1918898790755593
2024-10-08,0.0,0.0,0.0,0.0,0.4165014473949667,0.0,0.0,0.10609814789549574,0.13146189483792692,0.0,0.1110225905697445,0.0,0.0,0.049612060227557535,0.1853038590743086
2024-10-09,0.0,0.0,0.0,0.0,0.4663078754200706,0.0,0.0,0.09877293676306101,0.1274601347242468,0.0,0.08734698012500296,0.0,0.0,0.046709563807831304,0.17340250915978733
2024-10-10,0.0,0.0,0.0,0.0,0.5150090136574996,0.0,0.0,0.09522628857178568,0.127718419778468,0.0,0.044509258275896024,0.0,0.0,0.04525965751514441,0.1722773622012062
2024-10-11,0.0,0.0,0.0,0.0,0.5448615556973139,0.0,0.0,0.08942987930131381,0.11759174923089671,0.0,0.04318054565818808,0.0,0.0,0.043694614322419854,0.16124165578986768
2024-10-15,0.0,0.0,0.0,0.0,0.5966340322983151,0.0,0.0,0.09405111858990503,0.10949268124072668,0.0,0.0,0.0,0.0,0.03416534233877613,0.16565682553227717
2024-10-16,0.0,0.0,0.0,0.0,0.6463925812822648,0.0,0.0,0.0932624890356996,0.11544079904741243,0.0,0.0,0.0,0.0,0.0,0.14490413063462315
2024-10-17,0.0,0.0,0.0,0.0,0.688259272068646,0.0,0.0,0.08543813118068444,0.13667859229718093,0.0,0.0,0.0,0.0,0.0,0.08962400445348866
2024-10-18,0.0,0.0,0.0,0.0,0.7203244004831318,0.0,0.0,0.04256821185416643,0.15169955559046724,0.0,0.0,0.0,0.0,0.0,0.08540783207223458
2024-10-21,0.0,0.0,0.0,0.0,0.756032700950804,0.0,0.0,0.0,0.1620565215836985,0.0,0.0,0.0,0.0,0.0,0.08191077746549745
2024-10-22,0.0,0.0,0.0,0.0,0.7507507522770641,0.0,0.0,0.0,0.17271024245266908,0.0,0.0,0.0,0.0,0.0,0.07653900527026672
2024-10-23,0.0,0.0,0.0,0.0,0.75842469688784,0.0,0.0,0.0,0.1714559816156739,0.0,0.0,0.0,0.0,0.0,0.07011932149648616
2024-10-24,0.0,0.0,0.0,0.0,0.8250269487609396,0.0,0.0,0.0,0.1749730512390604,0.0,0.0,0.0,0.0,0.0,0.0
2024-10-25,0.0,0.0,0.0,0.0,0.7903406450254081,0.0,0.0,0.0,0.2096593549745919,0.0,0.0,0.0,0.0,0.0,0.0
2024-10-28,0.0,0.0,0.0,0.0,0.775748192223131,0.0,0.0,0.0,0.2242518077768691,0.0,0.0,0.0,0.0,0.0,0.0
2024-10-29,0.0,0.0,0.0,0.0,0.7582231344404298,0.0,0.0,0.0,0.24177686555957018,0.0,0.0,0.0,0.0,0.0,0.0
2024-10-30,0.0,0.0,0.0020399533098919413,0.0,0.7335724608639079,0.0,0.0011311525422669532,0.0,0.25412174086961314,0.002299666188165811,0.002699485557570274,0.0,0.0,0.0012039894101135292,0.002931551258470239
2024-10-31,0.0,0.0,0.0,0.0,0.7414570202623822,0.0,0.0,0.0,0.25854297973761775,0.0,0.0,0.0,0.0,0.0,0.0
2024-11-01,0.0,0.0,0.0,0.0,0.7445911794202393,0.0,0.0,0.0,0.2554088205797605,0.0,0.0,0.0,0.0,0.0,0.0
2024-11-05,0.0,0.0,0.0,0.0,0.7517743419174668,0.0,0.0,0.0,0.24822565808253322,0.0,0.0,0.0,0.0,0.0,0.0
2024-11-06,0.0,0.0,0.0,0.0,0.7615162248572205,0.0,0.0,0.0,0.23848377514277952,0.0,0.0,0.0,0.0,0.0,0.0
2024-11-07,0.0,0.0,0.0,0.0,0.7842499689116506,0.0,0.0,0.0,0.2157500310883494,0.0,0.0,0.0,0.0,0.0,0.0
2024-11-08,0.0,0.0,0.0,0.0,0.8009696018438132,0.0,0.0,0.0,0.19903039815618695,0.0,0.0,0.0,0.0,0.0,0.0
2024-11-11,0.0,0.0,0.0,0.0,0.8037107779049119,0.0,0.0,0.0,0.1962892220950881,0.0,0.0,0.0,0.0,0.0,0.0
2024-11-12,0.0,0.0,0.0,0.0,0.8166187173763275,0.0,0.0,0.0,0.1833812826236725,0.0,0.0,0.0,0.0,0.0,0.0
2024-11-13,0.0,0.0,0.0,0.0,0.818800286868318,0.0,0.0,0.0,0.18119971313168198,0.0,0.0,0.0,0.0,0.0,0.0
2024-11-14,0.0,0.0,0.0,0.0,0.8015771017059415,0.0,0.0,0.0,0.19842289829405854,0.0,0.0,0.0,0.0,0.0,0.0
2024-11-15,0.0,0.0,0.0,0.0,0.8059651962041611,0.0,0.0,0.0,0.19403480379583904,0.0,0.0,0.0,0.0,0.0,0.0
2024-11-18,0.0,0.0,0.0,0.0,0.8469492497678298,0.0,0.0,0.0,0.15305075023217016,0.0,0.0,0.0,0.0,0.0,0.0
2024-11-19,0.0,0.0,0.0,0.0,0.8848264287841193,0.0,0.0,0.0,0.11517357121588061,0.0,0.0,0.0,0.0,0.0,0.0
2024-11-20,0.0,0.0,0.0,0.0,0.9182556835817073,0.0,0.0,0.0,0.08174431641829256,0.0,0.0,0.0,0.0,0.0,0.0
2024-11-21,0.0,0.0,0.0,0.0,0.0,0.0,0.0,0.0,0.0,0.0,0.0,0.0,0.0,0.0,0.0
2024-11-22,0.0,0.0,0.0,0.0,0.0,0.0,0.0,0.0,0.0,0.0,0.0,0.0,0.0,0.0,0.0
2024-11-25,0.0,0.0,0.0,0.0,0.0,0.0,0.0,0.0,0.0,0.0,0.0,0.0,0.0,0.0,0.0
2024-11-26,0.0,0.0,0.0,0.0,0.0,0.0,0.0,0.0,0.0,0.0,0.0,0.0,0.0,0.0,0.0
2024-11-27,0.0,0.0,0.0,0.0,0.0,0.0,0.0,0.0,0.0,0.0,0.0,0.0,0.0,0.0,0.0
2024-11-28,0.055679066799790414,0.06767466201950095,0.05805937107628519,0.06885735423570856,0.07447504236625056,0.0745679890338782,0.060755144500945484,0.06248507349863168,0.07627878412341546,0.07257164887469464,0.07321811239589267,0.06387387666107038,0.0649662522130966,0.06940279079647035,0.057134831404368674
2024-11-29,0.0,0.0,0.0,0.0,0.0,0.0,0.0,0.0,0.0,0.0,0.0,0.0,0.0,0.0,0.0
2024-12-02,0.0,0.0,0.0,0.0,0.0,0.0,0.0,0.0,0.0,0.0,0.0,0.0,0.0,0.0,0.0
2024-12-03,0.0,0.0,0.0,0.0,0.0,0.0,0.0,0.0,0.0,0.0,0.0,0.0,0.0,0.0,0.0
2024-12-04,0.0,0.0,0.0,0.0,0.0,0.0,0.0,0.0,0.0,0.0,0.0,0.0,0.0,0.0,0.0
2024-12-05,0.0,0.0,0.0,0.0,0.0,0.0,0.0,0.0,0.0,0.0,0.0,0.0,0.0,0.0,0.0
2024-12-06,0.0,0.0,0.0,0.0,0.0,0.0,0.0,0.0,0.0,0.0,0.0,0.0,0.0,0.0,0.0
2024-12-09,0.0,0.0,0.0,0.0,0.0,0.0,0.0,0.0,0.0,0.0,0.0,0.0,0.0,0.0,0.0
2024-12-10,0.0,0.0,0.0,0.0,0.0,0.0,0.0,0.0,0.0,0.0,0.0,0.0,0.0,0.0,0.0
2024-12-11,0.0,0.0,0.0,0.0,0.0,0.0,0.0,0.0,0.0,0.0,0.0,0.0,0.0,0.0,0.0
2024-12-12,0.0,0.0,0.0,0.0,0.0,0.0,0.0,0.0,0.0,0.0,0.0,0.0,0.0,0.0,0.0
2024-12-13,0.0,0.0,0.0,0.0,0.0,0.0,0.0,0.0,0.0,0.0,0.0,0.0,0.0,0.0,0.0
2024-12-16,0.0,0.0,0.0,0.0,0.0,0.0,0.0,0.0,0.0,0.0,0.0,0.0,0.0,0.0,0.0
2024-12-17,0.0,0.0,0.0,0.0,0.0,0.0,0.0,0.0,0.0,0.0,0.0,0.0,0.0,0.0,0.0
2024-12-18,0.0,0.0,0.0,0.0,0.0,0.0,0.0,0.0,0.0,0.0,0.0,0.0,0.0,0.0,0.0
2024-12-19,0.0,0.0,0.0,0.0,0.0,0.0,0.0,0.0,0.0,0.0,0.0,0.0,0.0,0.0,0.0
2024-12-20,0.0,0.0,0.0,0.0,0.0,0.0,0.0,0.0,0.0,0.0,0.0,0.0,0.0,0.0,0.0
2024-12-23,0.0,0.0,0.0,0.0,0.0,0.0,0.0,0.0,0.0,0.0,0.0,0.0,0.0,0.0,0.0
2024-12-24,0.0,0.0,0.0,0.0,0.0,0.0,0.0,0.0,0.0,0.0,0.0,0.0,0.0,0.0,0.0
2024-12-25,0.0,0.0,0.0,0.0,0.0,0.0,0.0,0.0,0.0,0.0,0.0,0.0,0.0,0.0,0.0
2024-12-26,0.0718005986958345,0.07165712639595105,0.04530383828232228,0.06607916415058834,0.07288226212554375,0.07492612944921033,0.07295367706844431,0.05700696156578901,0.06328465629624216,0.07696838781050841,0.06601318076386063,0.060677121980422376,0.07245620839605531,0.06401227269605192,0.06397841432317555
2024-12-27,0.0,0.1924285107785162,0.0,0.0,0.2506422695101066,0.0,0.0,0.0,0.21262789345797403,0.0,0.13095428811215573,0.0,0.0,0.2133470381412474,0.0
2024-12-30,0.0,0.17727027204502369,0.0,0.0,0.29640762531547454,0.0,0.0,0.0,0.2282054247580651,0.0,0.12421741916141717,0.0,0.0,0.17389925872001952,0.0
2025-01-06,0.0,0.19611303602036817,0.0,0.0,0.37764470593223265,0.0,0.0,0.0,0.28706530966905136,0.0,0.1391769483783478,0.0,0.0,0.0,0.0
2025-01-07,0.0,0.16406417066346005,0.0,0.0,0.4065970617601791,0.0,0.0,0.0,0.3118675684015595,0.0,0.11747119917480148,0.0,0.0,0.0,0.0
2025-01-08,0.0,0.12564449930381394,0.0,0.0,0.4327701952836382,0.0,0.0,0.0,0.3248776730873857,0.0,0.1167076323251621,0.0,0.0,0.0,0.0
2025-01-09,0.0,0.09016362542717583,0.0,0.0,0.42814371473922574,0.0,0.0,0.0,0.3606665046103995,0.0,0.12102615522319891,0.0,0.0,0.0,0.0
2025-01-10,0.0,0.0,0.0,0.0,0.46356817593544686,0.0,0.0,0.0,0.40781113980923694,0.0,0.1286206842553162,0.0,0.0,0.0,0.0
2025-01-14,0.0,0.0,0.0,0.0,0.0,0.0,0.0,0.0,0.0,0.0,0.0,0.0,0.0,0.0,0.0
2025-01-15,0.0,0.0,0.0,0.0,0.0,0.0,0.0,0.0,0.0,0.0,0.0,0.0,0.0,0.0,0.0
2025-01-16,0.0,0.0,0.0,0.0,0.0,0.0,0.0,0.0,0.0,0.0,0.0,0.0,0.0,0.0,0.0
2025-01-17,0.0,0.0,0.0,0.0,0.0,0.0,0.0,0.0,0.0,0.0,0.0,0.0,0.0,0.0,0.0
2025-01-20,0.0,0.0,0.0,0.0,0.0,0.0,0.0,0.0,0.0,0.0,0.0,0.0,0.0,0.0,0.0
2025-01-21,0.0,0.0,0.0,0.0,0.0,0.0,0.0,0.0,0.0,0.0,0.0,0.0,0.0,0.0,0.0
2025-01-22,0.0,0.0,0.0,0.0,0.0,0.0,0.0,0.0,0.0,0.0,0.0,0.0,0.0,0.0,0.0
2025-01-23,0.0,0.0,0.0,0.0,0.0,0.0,0.0,0.0,0.0,0.0,0.0,0.0,0.0,0.0,0.0
2025-01-24,0.0,0.0,0.0,0.0,0.0,0.0,0.0,0.0,0.0,0.0,0.0,0.0,0.0,0.0,0.0
2025-01-27,0.0,0.0,0.0,0.0,0.0,0.0,0.0,0.0,0.0,0.0,0.0,0.0,0.0,0.0,0.0
2025-01-28,0.0,0.0,0.0,0.0,0.0,0.0,0.0,0.0,0.0,0.0,0.0,0.0,0.0,0.0,0.0
2025-01-29,0.0,0.0,0.0,0.0,0.0,0.0,0.0,0.0,0.0,0.0,0.0,0.0,0.0,0.0,0.0
2025-01-30,0.059522873270832194,0.06521406568441776,0.07360007016226622,0.06720311348067347,0.07493247706877469,0.07202450118482617,0.07280651901055463,0.04329489671234501,0.0701566280578838,0.07339518107908766,0.05801580483426758,0.05891491545940587,0.07461296566884884,0.06448237549032096,0.07182361283549508
2025-01-31,0.0,0.10979082520971375,0.1660913454320791,0.0,0.1717345022793924,0.0,0.0,0.0,0.16005842722771083,0.0,0.0811074891977364,0.0,0.0,0.12758560468445823,0.18363180596890938
2025-02-03,0.0,0.0,0.0,0.0,0.0,0.0,0.0,0.0,0.0,0.0,0.0,0.0,0.0,0.0,0.0
2025-02-04,0.0,0.0,0.0,0.0,0.0,0.0,0.0,0.0,0.0,0.0,0.0,0.0,0.0,0.0,0.0
2025-02-05,0.0,0.0,0.0,0.0,0.0,0.0,0.0,0.0,0.0,0.0,0.0,0.0,0.0,0.0,0.0
2025-02-06,0.0,0.0,0.0,0.0,0.0,0.0,0.0,0.0,0.0,0.0,0.0,0.0,0.0,0.0,0.0
2025-02-07,0.0,0.0,0.0,0.0,0.0,0.0,0.0,0.0,0.0,0.0,0.0,0.0,0.0,0.0,0.0
2025-02-10,0.0,0.0,0.0,0.0,0.0,0.0,0.0,0.0,0.0,0.0,0.0,0.0,0.0,0.0,0.0
2025-02-12,0.0,0.0,0.0,0.0,0.0,0.0,0.0,0.0,0.0,0.0,0.0,0.0,0.0,0.0,0.0
2025-02-13,0.0,0.0,0.0,0.0,0.0,0.0,0.0,0.0,0.0,0.0,0.0,0.0,0.0,0.0,0.0
2025-02-14,0.0,0.0,0.0,0.0,0.0,0.0,0.0,0.0,0.0,0.0,0.0,0.0,0.0,0.0,0.0
2025-02-17,0.0,0.0,0.0,0.0,0.0,0.0,0.0,0.0,0.0,0.0,0.0,0.0,0.0,0.0,0.0
2025-02-18,0.0,0.0,0.0,0.0,0.0,0.0,0.0,0.0,0.0,0.0,0.0,0.0,0.0,0.0,0.0
2025-02-19,0.0,0.0,0.0,0.0,0.0,0.0,0.0,0.0,0.0,0.0,0.0,0.0,0.0,0.0,0.0
2025-02-20,0.0,0.0,0.0,0.0,0.0,0.0,0.0,0.0,0.0,0.0,0.0,0.0,0.0,0.0,0.0
2025-02-21,0.0,0.0,0.0,0.0,0.0,0.0,0.0,0.0,0.0,0.0,0.0,0.0,0.0,0.0,0.0
2025-02-25,0.0,0.0,0.0,0.0,0.0,0.0,0.0,0.0,0.0,0.0,0.0,0.0,0.0,0.0,0.0
2025-02-26,0.0,0.0,0.0,0.0,0.0,0.0,0.0,0.0,0.0,0.0,0.0,0.0,0.0,0.0,0.0
2025-02-27,0.0,0.0,0.0,0.0,0.0,0.0,0.0,0.0,0.0,0.0,0.0,0.0,0.0,0.0,0.0
2025-02-28,0.0,0.0,0.0,0.0,0.0,0.0,0.0,0.0,0.0,0.0,0.0,0.0,0.0,0.0,0.0
2025-03-03,0.0,0.0,0.0,0.0,0.0,0.0,0.0,0.0,0.0,0.0,0.0,0.0,0.0,0.0,0.0
2025-03-04,0.0,0.0,0.0,0.0,0.0,0.0,0.0,0.0,0.0,0.0,0.0,0.0,0.0,0.0,0.0
2025-03-05,0.0,0.0,0.0,0.0,0.0,0.0,0.0,0.0,0.0,0.0,0.0,0.0,0.0,0.0,0.0
2025-03-06,0.0,0.0,0.0,0.0,0.0,0.0,0.0,0.0,0.0,0.0,0.0,0.0,0.0,0.0,0.0
2025-03-07,0.0,0.0,0.0,0.0,0.0,0.0,0.0,0.0,0.0,0.0,0.0,0.0,0.0,0.0,0.0
2025-03-10,0.0,0.0,0.0,0.0,0.0,0.0,0.0,0.0,0.0,0.0,0.0,0.0,0.0,0.0,0.0
2025-03-11,0.0,0.0,0.0,0.0,0.0,0.0,0.0,0.0,0.0,0.0,0.0,0.0,0.0,0.0,0.0
2025-03-12,0.0,0.0,0.0,0.0,0.0,0.0,0.0,0.0,0.0,0.0,0.0,0.0,0.0,0.0,0.0
2025-03-13,0.0,0.0,0.0,0.0,0.0,0.0,0.0,0.0,0.0,0.0,0.0,0.0,0.0,0.0,0.0
2025-03-14,0.0,0.0,0.0,0.0,0.0,0.0,0.0,0.0,0.0,0.0,0.0,0.0,0.0,0.0,0.0
2025-03-17,0.0,0.0,0.0,0.0,0.0,0.0,0.0,0.0,0.0,0.0,0.0,0.0,0.0,0.0,0.0
2025-03-18,0.0,0.0,0.0,0.0,0.0,0.0,0.0,0.0,0.0,0.0,0.0,0.0,0.0,0.0,0.0
2025-03-19,0.0,0.0,0.0,0.0,0.0,0.0,0.0,0.0,0.0,0.0,0.0,0.0,0.0,0.0,0.0
2025-03-21,0.0,0.0,0.0,0.0,0.0,0.0,0.0,0.0,0.0,0.0,0.0,0.0,0.0,0.0,0.0
2025-03-24,0.0,0.0,0.0,0.0,0.0,0.0,0.0,0.0,0.0,0.0,0.0,0.0,0.0,0.0,0.0
2025-03-25,0.0,0.0,0.0,0.0,0.0,0.0,0.0,0.0,0.0,0.0,0.0,0.0,0.0,0.0,0.0
2025-03-26,0.0,0.0,0.0,0.0,0.0,0.0,0.0,0.0,0.0,0.0,0.0,0.0,0.0,0.0,0.0
2025-03-27,0.0,0.0,0.0,0.0,0.0,0.0,0.0,0.0,0.0,0.0,0.0,0.0,0.0,0.0,0.0
2025-03-28,0.0,0.0,0.0,0.0,0.0,0.0,0.0,0.0,0.0,0.0,0.0,0.0,0.0,0.0,0.0
2025-03-31,0.0,0.0,0.0,0.0,0.0,0.0,0.0,0.0,0.0,0.0,0.0,0.0,0.0,0.0,0.0
2025-04-01,0.0,0.0,0.0,0.0,0.0,0.0,0.0,0.0,0.0,0.0,0.0,0.0,0.0,0.0,0.0
2025-04-02,0.0,0.0,0.0,0.0,0.0,0.0,0.0,0.0,0.0,0.0,0.0,0.0,0.0,0.0,0.0
2025-04-03,0.0,0.0,0.0,0.0,0.0,0.0,0.0,0.0,0.0,0.0,0.0,0.0,0.0,0.0,0.0
2025-04-04,0.0,0.0,0.0,0.0,0.0,0.0,0.0,0.0,0.0,0.0,0.0,0.0,0.0,0.0,0.0
2025-04-07,0.0,0.0,0.0,0.0,0.0,0.0,0.0,0.0,0.0,0.0,0.0,0.0,0.0,0.0,0.0
2025-04-08,0.0,0.0,0.0,0.0,0.0,0.0,0.0,0.0,0.0,0.0,0.0,0.0,0.0,0.0,0.0
2025-04-09,0.0,0.0,0.0,0.0,0.0,0.0,0.0,0.0,0.0,0.0,0.0,0.0,0.0,0.0,0.0
2025-04-10,0.0,0.0,0.0,0.0,0.0,0.0,0.0,0.0,0.0,0.0,0.0,0.0,0.0,0.0,0.0
2025-04-11,0.0,0.0,0.0,0.0,0.0,0.0,0.0,0.0,0.0,0.0,0.0,0.0,0.0,0.0,0.0
2025-04-14,0.0,0.0,0.0,0.0,0.0,0.0,0.0,0.0,0.0,0.0,0.0,0.0,0.0,0.0,0.0
2025-04-15,0.0,0.0,0.0,0.0,0.0,0.0,0.0,0.0,0.0,0.0,0.0,0.0,0.0,0.0,0.0
2025-04-16,0.0,0.0,0.0,0.0,0.0,0.0,0.0,0.0,0.0,0.0,0.0,0.0,0.0,0.0,0.0
2025-04-17,0.0,0.0,0.0,0.0,0.0,0.0,0.0,0.0,0.0,0.0,0.0,0.0,0.0,0.0,0.0
2025-04-18,0.0,0.0,0.0,0.0,0.0,0.0,0.0,0.0,0.0,0.0,0.0,0.0,0.0,0.0,0.0
2025-04-21,0.0,0.0,0.0,0.0,0.0,0.0,0.0,0.0,0.0,0.0,0.0,0.0,0.0,0.0,0.0
2025-04-22,0.0,0.0,0.0,0.0,0.0,0.0,0.0,0.0,0.0,0.0,0.0,0.0,0.0,0.0,0.0
2025-04-23,0.0,0.0,0.0,0.0,0.0,0.0,0.0,0.0,0.0,0.0,0.0,0.0,0.0,0.0,0.0
2025-04-24,0.0,0.0,0.0,0.0,0.0,0.0,0.0,0.0,0.0,0.0,0.0,0.0,0.0,0.0,0.0
2025-04-25,0.0,0.0,0.0,0.0,0.0,0.0,0.0,0.0,0.0,0.0,0.0,0.0,0.0,0.0,0.0
2025-04-28,0.0,0.0,0.0,0.0,0.0,0.0,0.0,0.0,0.0,0.0,0.0,0.0,0.0,0.0,0.0
2025-04-30,0.0,0.0,0.0,0.0,0.0,0.0,0.0,0.0,0.0,0.0,0.0,0.0,0.0,0.0,0.0
2025-05-01,0.0,0.0,0.0,0.0,0.0,0.0,0.0,0.0,0.0,0.0,0.0,0.0,0.0,0.0,0.0
2025-05-02,0.0,0.0,0.0,0.0,0.0,0.0,0.0,0.0,0.0,0.0,0.0,0.0,0.0,0.0,0.0
2025-05-07,0.0,0.0,0.0,0.0,0.0,0.0,0.0,0.0,0.0,0.0,0.0,0.0,0.0,0.0,0.0
2025-05-08,0.0,0.0,0.0,0.0,0.0,0.0,0.0,0.0,0.0,0.0,0.0,0.0,0.0,0.0,0.0
2025-05-09,0.0,0.0,0.0,0.0,0.0,0.0,0.0,0.0,0.0,0.0,0.0,0.0,0.0,0.0,0.0
2025-05-12,0.0,0.0,0.0,0.0,0.0,0.0,0.0,0.0,0.0,0.0,0.0,0.0,0.0,0.0,0.0
2025-05-13,0.0,0.0,0.0,0.0,0.0,0.0,0.0,0.0,0.0,0.0,0.0,0.0,0.0,0.0,0.0
2025-05-14,0.0,0.0,0.0,0.0,0.0,0.0,0.0,0.0,0.0,0.0,0.0,0.0,0.0,0.0,0.0
2025-05-15,0.0,0.0,0.0,0.0,0.0,0.0,0.0,0.0,0.0,0.0,0.0,0.0,0.0,0.0,0.0
2025-05-16,0.0,0.0,0.0,0.0,0.0,0.0,0.0,0.0,0.0,0.0,0.0,0.0,0.0,0.0,0.0
2025-05-19,0.0,0.0,0.0,0.0,0.0,0.0,0.0,0.0,0.0,0.0,0.0,0.0,0.0,0.0,0.0
2025-05-20,0.0,0.0,0.0,0.0,0.0,0.0,0.0,0.0,0.0,0.0,0.0,0.0,0.0,0.0,0.0
2025-05-21,0.0,0.0,0.0,0.0,0.0,0.0,0.0,0.0,0.0,0.0,0.0,0.0,0.0,0.0,0.0
2025-05-22,0.0,0.0,0.0,0.0,0.0,0.0,0.0,0.0,0.0,0.0,0.0,0.0,0.0,0.0,0.0
2025-05-23,0.0,0.0,0.0,0.0,0.0,0.0,0.0,0.0,0.0,0.0,0.0,0.0,0.0,0.0,0.0
2025-05-26,0.0,0.0,0.0,0.0,0.0,0.0,0.0,0.0,0.0,0.0,0.0,0.0,0.0,0.0,0.0
2025-05-27,0.0,0.0,0.0,0.0,0.0,0.0,0.0,0.0,0.0,0.0,0.0,0.0,0.0,0.0,0.0
2025-05-28,0.0,0.0,0.0,0.0,0.0,0.0,0.0,0.0,0.0,0.0,0.0,0.0,0.0,0.0,0.0
2025-05-29,0.0,0.0,0.0,0.0,0.0,0.0,0.0,0.0,0.0,0.0,0.0,0.0,0.0,0.0,0.0
2025-05-30,0.0637895849729308,0.07140639549669472,0.0741680232463234,0.06210466885777746,0.06916562385294024,0.0687030022827959,0.06724113428728118,0.05157844023992761,0.06917435296371156,0.055938219861356595,0.0685744364668907,0.06224454355486041,0.07286045012584522,0.07058554837195513,0.07246557541870907
2025-06-02,0.0,0.10667811877434394,0.15018984441260813,0.0,0.12946111568646548,0.0,0.0,0.10190808641902449,0.12002505303130849,0.0,0.08482110287773845,0.0,0.0,0.12676186868785996,0.18015481011065088
2025-06-03,0.0,0.10565227296638102,0.15234024331060747,0.0,0.1285054371822518,0.0,0.0,0.0946100795707491,0.12223783643972919,0.0,0.08824531150532745,0.0,0.0,0.1259069816961672,0.1825018373287868
2025-06-04,0.0,0.10478205218301782,0.1493194247937569,0.0,0.1258958948733278,0.0,0.0,0.08066149643429336,0.15095061778600066,0.0,0.08778441335783514,0.0,0.0,0.12257720627760352,0.1780288942941648
2025-06-05,0.0,0.0,0.0,0.0,0.0,0.0,0.0,0.0,0.0,0.0,0.0,0.0,0.0,0.0,0.0
2025-06-06,0.0,0.0,0.0,0.0,0.0,0.0,0.0,0.0,0.0,0.0,0.0,0.0,0.0,0.0,0.0
2025-06-09,0.0,0.0,0.0,0.0,0.0,0.0,0.0,0.0,0.0,0.0,0.0,0.0,0.0,0.0,0.0
2025-06-10,0.0,0.0,0.0,0.0,0.0,0.0,0.0,0.0,0.0,0.0,0.0,0.0,0.0,0.0,0.0
2025-06-11,0.0,0.0,0.0,0.0,0.0,0.0,0.0,0.0,0.0,0.0,0.0,0.0,0.0,0.0,0.0
2025-06-12,0.0,0.0,0.0,0.0,0.0,0.0,0.0,0.0,0.0,0.0,0.0,0.0,0.0,0.0,0.0
2025-06-13,0.0,0.0,0.0,0.0,0.0,0.0,0.0,0.0,0.0,0.0,0.0,0.0,0.0,0.0,0.0
2025-06-16,0.0,0.0,0.0,0.0,0.0,0.0,0.0,0.0,0.0,0.0,0.0,0.0,0.0,0.0,0.0
2025-06-17,0.0,0.0,0.0,0.0,0.0,0.0,0.0,0.0,0.0,0.0,0.0,0.0,0.0,0.0,0.0
2025-06-18,0.0,0.0,0.0,0.0,0.0,0.0,0.0,0.0,0.0,0.0,0.0,0.0,0.0,0.0,0.0
2025-06-19,0.0,0.0,0.0,0.0,0.0,0.0,0.0,0.0,0.0,0.0,0.0,0.0,0.0,0.0,0.0
2025-06-20,0.0,0.0,0.0,0.0,0.0,0.0,0.0,0.0,0.0,0.0,0.0,0.0,0.0,0.0,0.0
2025-06-23,0.0,0.0,0.0,0.0,0.0,0.0,0.0,0.0,0.0,0.0,0.0,0.0,0.0,0.0,0.0
2025-06-24,0.0,0.0,0.0,0.0,0.0,0.0,0.0,0.0,0.0,0.0,0.0,0.0,0.0,0.0,0.0
2025-06-25,0.0,0.0,0.0,0.0,0.0,0.0,0.0,0.0,0.0,0.0,0.0,0.0,0.0,0.0,0.0
2025-06-26,0.0,0.0,0.0,0.0,0.0,0.0,0.0,0.0,0.0,0.0,0.0,0.0,0.0,0.0,0.0
2025-06-27,0.0,0.0,0.0,0.0,0.0,0.0,0.0,0.0,0.0,0.0,0.0,0.0,0.0,0.0,0.0
2025-06-30,0.0,0.0,0.0,0.0,0.0,0.0,0.0,0.0,0.0,0.0,0.0,0.0,0.0,0.0,0.0
2025-07-01,0.0,0.0,0.0,0.0,0.0,0.0,0.0,0.0,0.0,0.0,0.0,0.0,0.0,0.0,0.0
2025-07-02,0.0,0.0,0.0,0.0,0.0,0.0,0.0,0.0,0.0,0.0,0.0,0.0,0.0,0.0,0.0
2025-07-03,0.0,0.0,0.0,0.0,0.0,0.0,0.0,0.0,0.0,0.0,0.0,0.0,0.0,0.0,0.0
2025-07-04,0.0,0.0,0.0,0.0,0.0,0.0,0.0,0.0,0.0,0.0,0.0,0.0,0.0,0.0,0.0
2025-07-07,0.0,0.0,0.0,0.0,0.0,0.0,0.0,0.0,0.0,0.0,0.0,0.0,0.0,0.0,0.0
2025-07-08,0.0,0.0,0.0,0.0,0.0,0.0,0.0,0.0,0.0,0.0,0.0,0.0,0.0,0.0,0.0
2025-07-09,0.0,0.0,0.0,0.0,0.0,0.0,0.0,0.0,0.0,0.0,0.0,0.0,0.0,0.0,0.0
2025-07-10,0.0,0.0,0.0,0.0,0.0,0.0,0.0,0.0,0.0,0.0,0.0,0.0,0.0,0.0,0.0
2025-07-11,0.0,0.0,0.0,0.0,0.0,0.0,0.0,0.0,0.0,0.0,0.0,0.0,0.0,0.0,0.0
2025-07-14,0.0,0.0,0.0,0.0,0.0,0.0,0.0,0.0,0.0,0.0,0.0,0.0,0.0,0.0,0.0
2025-07-15,0.0,0.0,0.0,0.0,0.0,0.0,0.0,0.0,0.0,0.0,0.0,0.0,0.0,0.0,0.0
2025-07-16,0.0,0.0,0.0,0.0,0.0,0.0,0.0,0.0,0.0,0.0,0.0,0.0,0.0,0.0,0.0
2025-07-17,0.0,0.0,0.0,0.0,0.0,0.0,0.0,0.0,0.0,0.0,0.0,0.0,0.0,0.0,0.0
2025-07-18,0.0,0.0,0.0,0.0,0.0,0.0,0.0,0.0,0.0,0.0,0.0,0.0,0.0,0.0,0.0
2025-07-22,0.0,0.0,0.0,0.0,0.0,0.0,0.0,0.0,0.0,0.0,0.0,0.0,0.0,0.0,0.0
2025-07-23,0.0,0.0,0.0,0.0,0.0,0.0,0.0,0.0,0.0,0.0,0.0,0.0,0.0,0.0,0.0
2025-07-24,0.0,0.0,0.0,0.0,0.0,0.0,0.0,0.0,0.0,0.0,0.0,0.0,0.0,0.0,0.0
2025-07-25,0.0,0.0,0.0,0.0,0.0,0.0,0.0,0.0,0.0,0.0,0.0,0.0,0.0,0.0,0.0
2025-07-28,0.0,0.0,0.0,0.0,0.0,0.0,0.0,0.0,0.0,0.0,0.0,0.0,0.0,0.0,0.0
2025-07-29,0.0,0.0,0.0,0.0,0.0,0.0,0.0,0.0,0.0,0.0,0.0,0.0,0.0,0.0,0.0
2025-07-30,0.0,0.0,0.0,0.0,0.0,0.0,0.0,0.0,0.0,0.0,0.0,0.0,0.0,0.0,0.0
2025-07-31,0.0,0.0,0.0,0.0,0.0,0.0,0.0,0.0,0.0,0.0,0.0,0.0,0.0,0.0,0.0
2025-08-01,0.0,0.0,0.0,0.0,0.0,0.0,0.0,0.0,0.0,0.0,0.0,0.0,0.0,0.0,0.0
2025-08-04,0.0,0.0,0.0,0.0,0.0,0.0,0.0,0.0,0.0,0.0,0.0,0.0,0.0,0.0,0.0
2025-08-05,0.0,0.0,0.0,0.0,0.0,0.0,0.0,0.0,0.0,0.0,0.0,0.0,0.0,0.0,0.0
2025-08-06,0.0,0.0,0.0,0.0,0.0,0.0,0.0,0.0,0.0,0.0,0.0,0.0,0.0,0.0,0.0
2025-08-07,0.0,0.0,0.0,0.0,0.0,0.0,0.0,0.0,0.0,0.0,0.0,0.0,0.0,0.0,0.0
2025-08-08,0.0,0.0,0.0,0.0,0.0,0.0,0.0,0.0,0.0,0.0,0.0,0.0,0.0,0.0,0.0
2025-08-12,0.0,0.0,0.0,0.0,0.0,0.0,0.0,0.0,0.0,0.0,0.0,0.0,0.0,0.0,0.0
2025-08-13,0.0,0.0,0.0,0.0,0.0,0.0,0.0,0.0,0.0,0.0,0.0,0.0,0.0,0.0,0.0
2025-08-14,0.0,0.0,0.0,0.0,0.0,0.0,0.0,0.0,0.0,0.0,0.0,0.0,0.0,0.0,0.0
2025-08-15,0.0,0.0,0.0,0.0,0.0,0.0,0.0,0.0,0.0,0.0,0.0,0.0,0.0,0.0,0.0
2025-08-18,0.0,0.0,0.0,0.0,0.0,0.0,0.0,0.0,0.0,0.0,0.0,0.0,0.0,0.0,0.0
2025-08-19,0.0,0.0,0.0,0.0,0.0,0.0,0.0,0.0,0.0,0.0,0.0,0.0,0.0,0.0,0.0
2025-08-20,0.0,0.0,0.0,0.0,0.0,0.0,0.0,0.0,0.0,0.0,0.0,0.0,0.0,0.0,0.0
2025-08-21,0.0,0.0,0.0,0.0,0.0,0.0,0.0,0.0,0.0,0.0,0.0,0.0,0.0,0.0,0.0
2025-08-22,0.0,0.0,0.0,0.0,0.0,0.0,0.0,0.0,0.0,0.0,0.0,0.0,0.0,0.0,0.0
2025-08-25,0.0,0.0,0.0,0.0,0.0,0.0,0.0,0.0,0.0,0.0,0.0,0.0,0.0,0.0,0.0
2025-08-26,0.0,0.0,0.0,0.0,0.0,0.0,0.0,0.0,0.0,0.0,0.0,0.0,0.0,0.0,0.0
2025-08-27,0.0,0.0,0.0,0.0,0.0,0.0,0.0,0.0,0.0,0.0,0.0,0.0,0.0,0.0,0.0
2025-08-28,0.0,0.0,0.0,0.0,0.0,0.0,0.0,0.0,0.0,0.0,0.0,0.0,0.0,0.0,0.0
2025-08-29,0.0,0.0,0.0,0.0,0.0,0.0,0.0,0.0,0.0,0.0,0.0,0.0,0.0,0.0,0.0
2025-09-01,0.0,0.0,0.0,0.0,0.0,0.0,0.0,0.0,0.0,0.0,0.0,0.0,0.0,0.0,0.0
2025-09-02,0.0,0.0,0.0,0.0,0.0,0.0,0.0,0.0,0.0,0.0,0.0,0.0,0.0,0.0,0.0
2025-09-03,0.0,0.0,0.0,0.0,0.0,0.0,0.0,0.0,0.0,0.0,0.0,0.0,0.0,0.0,0.0
2025-09-04,0.0,0.0,0.0,0.0,0.0,0.0,0.0,0.0,0.0,0.0,0.0,0.0,0.0,0.0,0.0
2025-09-05,0.0,0.0,0.0,0.0,0.0,0.0,0.0,0.0,0.0,0.0,0.0,0.0,0.0,0.0,0.0
2025-09-08,0.0,0.0,0.0,0.0,0.0,0.0,0.0,0.0,0.0,0.0,0.0,0.0,0.0,0.0,0.0
2025-09-09,0.0,0.0,0.0,0.0,0.0,0.0,0.0,0.0,0.0,0.0,0.0,0.0,0.0,0.0,0.0
2025-09-10,0.0,0.0,0.0,0.0,0.0,0.0,0.0,0.0,0.0,0.0,0.0,0.0,0.0,0.0,0.0
2025-09-11,0.0,0.0,0.0,0.0,0.0,0.0,0.0,0.0,0.0,0.0,0.0,0.0,0.0,0.0,0.0
2025-09-12,0.0,0.0,0.0,0.0,0.0,0.0,0.0,0.0,0.0,0.0,0.0,0.0,0.0,0.0,0.0
2025-09-16,0.0,0.0,0.0,0.0,0.0,0.0,0.0,0.0,0.0,0.0,0.0,0.0,0.0,0.0,0.0
2025-09-17,0.0,0.0,0.0,0.0,0.0,0.0,0.0,0.0,0.0,0.0,0.0,0.0,0.0,0.0,0.0
2025-09-18,0.0,0.0,0.0,0.0,0.0,0.0,0.0,0.0,0.0,0.0,0.0,0.0,0.0,0.0,0.0
2025-09-19,0.0,0.0,0.0,0.0,0.0,0.0,0.0,0.0,0.0,0.0,0.0,0.0,0.0,0.0,0.0
2025-09-22,0.0,0.0,0.0,0.0,0.0,0.0,0.0,0.0,0.0,0.0,0.0,0.0,0.0,0.0,0.0
2025-09-24,0.0,0.0,0.0,0.0,0.0,0.0,0.0,0.0,0.0,0.0,0.0,0.0,0.0,0.0,0.0
2025-09-25,0.0,0.0,0.0,0.0,0.0,0.0,0.0,0.0,0.0,0.0,0.0,0.0,0.0,0.0,0.0
2025-09-26,0.0,0.0,0.0,0.0,0.0,0.0,0.0,0.0,0.0,0.0,0.0,0.0,0.0,0.0,0.0
2025-09-29,0.0,0.0,0.0,0.0,0.0,0.0,0.0,0.0,0.0,0.0,0.0,0.0,0.0,0.0,0.0
2025-09-30,0.0,0.0,0.0,0.0,0.0,0.0,0.0,0.0,0.0,0.0,0.0,0.0,0.0,0.0,0.0
2025-10-01,0.0,0.0,0.0,0.0,0.0,0.0,0.0,0.0,0.0,0.0,0.0,0.0,0.0,0.0,0.0
2025-10-02,0.0,0.0,0.0,0.0,0.0,0.0,0.0,0.0,0.0,0.0,0.0,0.0,0.0,0.0,0.0
2025-10-03,0.0,0.0,0.0,0.0,0.0,0.0,0.0,0.0,0.0,0.0,0.0,0.0,0.0,0.0,0.0
2025-10-06,0.0,0.0,0.0,0.0,0.0,0.0,0.0,0.0,0.0,0.0,0.0,0.0,0.0,0.0,0.0
2025-10-07,0.0,0.0,0.0,0.0,0.0,0.0,0.0,0.0,0.0,0.0,0.0,0.0,0.0,0.0,0.0
2025-10-08,0.0,0.0,0.0,0.0,0.0,0.0,0.0,0.0,0.0,0.0,0.0,0.0,0.0,0.0,0.0
2025-10-09,0.0,0.0,0.0,0.0,0.0,0.0,0.0,0.0,0.0,0.0,0.0,0.0,0.0,0.0,0.0
2025-10-10,0.0,0.0,0.0,0.0,0.0,0.0,0.0,0.0,0.0,0.0,0.0,0.0,0.0,0.0,0.0
2025-10-14,0.0,0.0,0.0,0.0,0.0,0.0,0.0,0.0,0.0,0.0,0.0,0.0,0.0,0.0,0.0
2025-10-15,0.0,0.0,0.0,0.0,0.0,0.0,0.0,0.0,0.0,0.0,0.0,0.0,0.0,0.0,0.0
2025-10-16,0.0,0.0,0.0,0.0,0.0,0.0,0.0,0.0,0.0,0.0,0.0,0.0,0.0,0.0,0.0
2025-10-17,0.0,0.0,0.0,0.0,0.0,0.0,0.0,0.0,0.0,0.0,0.0,0.0,0.0,0.0,0.0
2025-10-20,0.0,0.0,0.0,0.0,0.0,0.0,0.0,0.0,0.0,0.0,0.0,0.0,0.0,0.0,0.0
2025-10-21,0.0,0.0,0.0,0.0,0.0,0.0,0.0,0.0,0.0,0.0,0.0,0.0,0.0,0.0,0.0
2025-10-22,0.0,0.0,0.0,0.0,0.0,0.0,0.0,0.0,0.0,0.0,0.0,0.0,0.0,0.0,0.0
2025-10-23,0.0,0.0,0.0,0.0,0.0,0.0,0.0,0.0,0.0,0.0,0.0,0.0,0.0,0.0,0.0
2025-10-24,0.0,0.0,0.0,0.0,0.0,0.0,0.0,0.0,0.0,0.0,0.0,0.0,0.0,0.0,0.0
2025-10-27,0.0,0.0,0.0,0.0,0.0,0.0,0.0,0.0,0.0,0.0,0.0,0.0,0.0,0.0,0.0
2025-10-28,0.0,0.0,0.0,0.0,0.0,0.0,0.0,0.0,0.0,0.0,0.0,0.0,0.0,0.0,0.0
2025-10-29,0.0,0.0,0.0,0.0,0.0,0.0,0.0,0.0,0.0,0.0,0.0,0.0,0.0,0.0,0.0
2025-10-30,0.0,0.0,0.0,0.0,0.0,0.0,0.0,0.0,0.0,0.0,0.0,0.0,0.0,0.0,0.0
2025-10-31,0.0,0.0,0.0,0.0,0.0,0.0,0.0,0.0,0.0,0.0,0.0,0.0,0.0,0.0,0.0
2025-11-04,0.0,0.0,0.0,0.0,0.0,0.0,0.0,0.0,0.0,0.0,0.0,0.0,0.0,0.0,0.0
2025-11-05,0.0,0.0,0.0,0.0,0.0,0.0,0.0,0.0,0.0,0.0,0.0,0.0,0.0,0.0,0.0
2025-11-06,0.0,0.0,0.0,0.0,0.0,0.0,0.0,0.0,0.0,0.0,0.0,0.0,0.0,0.0,0.0
2025-11-07,0.0,0.0,0.0,0.0,0.0,0.0,0.0,0.0,0.0,0.0,0.0,0.0,0.0,0.0,0.0
2025-11-10,0.0,0.0,0.0,0.0,0.0,0.0,0.0,0.0,0.0,0.0,0.0,0.0,0.0,0.0,0.0
2025-11-11,0.0,0.0,0.0,0.0,0.0,0.0,0.0,0.0,0.0,0.0,0.0,0.0,0.0,0.0,0.0
2025-11-12,0.0,0.0,0.0,0.0,0.0,0.0,0.0,0.0,0.0,0.0,0.0,0.0,0.0,0.0,0.0
2025-11-13,0.0,0.0,0.0,0.0,0.0,0.0,0.0,0.0,0.0,0.0,0.0,0.0,0.0,0.0,0.0
2025-11-14,0.0,0.0,0.0,0.0,0.0,0.0,0.0,0.0,0.0,0.0,0.0,0.0,0.0,0.0,0.0
2025-11-17,0.0,0.0,0.0,0.0,0.0,0.0,0.0,0.0,0.0,0.0,0.0,0.0,0.0,0.0,0.0
2025-11-18,0.0,0.0,0.0,0.0,0.0,0.0,0.0,0.0,0.0,0.0,0.0,0.0,0.0,0.0,0.0
2025-11-19,0.0,0.0,0.0,0.0,0.0,0.0,0.0,0.0,0.0,0.0,0.0,0.0,0.0,0.0,0.0
2025-11-20,0.0,0.0,0.0,0.0,0.0,0.0,0.0,0.0,0.0,0.0,0.0,0.0,0.0,0.0,0.0
2025-11-21,0.0,0.0,0.0,0.0,0.0,0.0,0.0,0.0,0.0,0.0,0.0,0.0,0.0,0.0,0.0
2025-11-25,0.0,0.0,0.0,0.0,0.0,0.0,0.0,0.0,0.0,0.0,0.0,0.0,0.0,0.0,0.0
2025-11-26,0.0,0.0,0.0,0.0,0.0,0.0,0.0,0.0,0.0,0.0,0.0,0.0,0.0,0.0,0.0
2025-11-27,0.0,0.0,0.0,0.0,0.0,0.0,0.0,0.0,0.0,0.0,0.0,0.0,0.0,0.0,0.0
2025-11-28,0.0,0.0,0.0,0.0,0.0,0.0,0.0,0.0,0.0,0.0,0.0,0.0,0.0,0.0,0.0
2025-12-01,0.0,0.0,0.0,0.0,0.0,0.0,0.0,0.0,0.0,0.0,0.0,0.0,0.0,0.0,0.0
2025-12-02,0.0,0.0,0.0,0.0,0.0,0.0,0.0,0.0,0.0,0.0,0.0,0.0,0.0,0.0,0.0
2025-12-03,0.0,0.0,0.0,0.0,0.0,0.0,0.0,0.0,0.0,0.0,0.0,0.0,0.0,0.0,0.0
2025-12-04,0.0,0.0,0.0,0.0,0.0,0.0,0.0,0.0,0.0,0.0,0.0,0.0,0.0,0.0,0.0
2025-12-05,0.0,0.0,0.0,0.0,0.0,0.0,0.0,0.0,0.0,0.0,0.0,0.0,0.0,0.0,0.0
2025-12-08,0.0,0.0,0.0,0.0,0.0,0.0,0.0,0.0,0.0,0.0,0.0,0.0,0.0,0.0,0.0
2025-12-09,0.0,0.0,0.0,0.0,0.0,0.0,0.0,0.0,0.0,0.0,0.0,0.0,0.0,0.0,0.0
2025-12-10,0.0,0.0,0.0,0.0,0.0,0.0,0.0,0.0,0.0,0.0,0.0,0.0,0.0,0.0,0.0
2025-12-11,0.0,0.0,0.0,0.0,0.0,0.0,0.0,0.0,0.0,0.0,0.0,0.0,0.0,0.0,0.0
2025-12-12,0.0,0.0,0.0,0.0,0.0,0.0,0.0,0.0,0.0,0.0,0.0,0.0,0.0,0.0,0.0
2025-12-15,0.0,0.0,0.0,0.0,0.0,0.0,0.0,0.0,0.0,0.0,0.0,0.0,0.0,0.0,0.0
2025-12-16,0.0,0.0,0.0,0.0,0.0,0.0,0.0,0.0,0.0,0.0,0.0,0.0,0.0,0.0,0.0
2025-12-17,0.0,0.0,0.0,0.0,0.0,0.0,0.0,0.0,0.0,0.0,0.0,0.0,0.0,0.0,0.0
2025-12-18,0.0,0.0,0.0,0.0,0.0,0.0,0.0,0.0,0.0,0.0,0.0,0.0,0.0,0.0,0.0
2025-12-19,0.0,0.0,0.0,0.0,0.0,0.0,0.0,0.0,0.0,0.0,0.0,0.0,0.0,0.0,0.0
2025-12-22,0.0,0.0,0.0,0.0,0.0,0.0,0.0,0.0,0.0,0.0,0.0,0.0,0.0,0.0,0.0
2025-12-23,0.0,0.0,0.0,0.0,0.0,0.0,0.0,0.0,0.0,0.0,0.0,0.0,0.0,0.0,0.0
2025-12-24,0.0,0.0,0.0,0.0,0.0,0.0,0.0,0.0,0.0,0.0,0.0,0.0,0.0,0.0,0.0
2025-12-25,0.0,0.0,0.0,0.0,0.0,0.0,0.0,0.0,0.0,0.0,0.0,0.0,0.0,0.0,0.0
2025-12-26,0.0,0.0,0.0,0.0,0.0,0.0,0.0,0.0,0.0,0.0,0.0,0.0,0.0,0.0,0.0
2025-12-29,0.0,0.0,0.0,0.0,0.0,0.0,0.0,0.0,0.0,0.0,0.0,0.0,0.0,0.0,0.0
2025-12-30,0.0,0.0,0.0,0.0,0.0,0.0,0.0,0.0,0.0,0.0,0.0,0.0,0.0,0.0,0.0
2026-01-05,0.0,0.0,0.0,0.0,0.0,0.0,0.0,0.0,0.0,0.0,0.0,0.0,0.0,0.0,0.0
2026-01-06,0.0,0.0,0.0,0.0,0.0,0.0,0.0,0.0,0.0,0.0,0.0,0.0,0.0,0.0,0.0
2026-01-07,0.0,0.0,0.0,0.0,0.0,0.0,0.0,0.0,0.0,0.0,0.0,0.0,0.0,0.0,0.0
2026-01-08,0.0,0.0,0.0,0.0,0.0,0.0,0.0,0.0,0.0,0.0,0.0,0.0,0.0,0.0,0.0
2026-01-09,0.0,0.0,0.0,0.0,0.0,0.0,0.0,0.0,0.0,0.0,0.0,0.0,0.0,0.0,0.0
2026-01-13,0.0,0.0,0.0,0.0,0.0,0.0,0.0,0.0,0.0,0.0,0.0,0.0,0.0,0.0,0.0
2026-01-14,0.0,0.0,0.0,0.0,0.0,0.0,0.0,0.0,0.0,0.0,0.0,0.0,0.0,0.0,0.0
2026-01-15,0.0,0.0,0.0,0.0,0.0,0.0,0.0,0.0,0.0,0.0,0.0,0.0,0.0,0.0,0.0
2026-01-16,0.0,0.0,0.0,0.0,0.0,0.0,0.0,0.0,0.0,0.0,0.0,0.0,0.0,0.0,0.0
2026-01-19,0.0,0.0,0.0,0.0,0.0,0.0,0.0,0.0,0.0,0.0,0.0,0.0,0.0,0.0,0.0
2026-01-20,0.0,0.0,0.0,0.0,0.0,0.0,0.0,0.0,0.0,0.0,0.0,0.0,0.0,0.0,0.0
2026-01-21,0.0,0.0,0.0,0.0,0.0,0.0,0.0,0.0,0.0,0.0,0.0,0.0,0.0,0.0,0.0
2026-01-22,0.0,0.0,0.0,0.0,0.0,0.0,0.0,0.0,0.0,0.0,0.0,0.0,0.0,0.0,0.0
2026-01-23,0.0,0.0,0.0,0.0,0.0,0.0,0.0,0.0,0.0,0.0,0.0,0.0,0.0,0.0,0.0
2026-01-26,0.0,0.0,0.0,0.0,0.0,0.0,0.0,0.0,0.0,0.0,0.0,0.0,0.0,0.0,0.0
2026-01-27,0.0,0.0,0.0,0.0,0.0,0.0,0.0,0.0,0.0,0.0,0.0,0.0,0.0,0.0,0.0
2026-01-28,0.0,0.0,0.0,0.0,0.0,0.0,0.0,0.0,0.0,0.0,0.0,0.0,0.0,0.0,0.0
2026-01-29,0.0,0.0,0.0,0.0,0.0,0.0,0.0,0.0,0.0,0.0,0.0,0.0,0.0,0.0,0.0
2026-01-30,0.0,0.0,0.0,0.0,0.0,0.0,0.0,0.0,0.0,0.0,0.0,0.0,0.0,0.0,0.0
2026-02-02,0.0,0.0,0.0,0.0,0.0,0.0,0.0,0.0,0.0,0.0,0.0,0.0,0.0,0.0,0.0
2026-02-03,0.0,0.0,0.0,0.0,0.0,0.0,0.0,0.0,0.0,0.0,0.0,0.0,0.0,0.0,0.0
2026-02-04,0.0,0.0,0.0,0.0,0.0,0.0,0.0,0.0,0.0,0.0,0.0,0.0,0.0,0.0,0.0
2026-02-05,0.0,0.0,0.0,0.0,0.0,0.0,0.0,0.0,0.0,0.0,0.0,0.0,0.0,0.0,0.0
2026-02-06,0.0,0.0,0.0,0.0,0.0,0.0,0.0,0.0,0.0,0.0,0.0,0.0,0.0,0.0,0.0
2026-02-09,0.0,0.0,0.0,0.0,0.0,0.0,0.0,0.0,0.0,0.0,0.0,0.0,0.0,0.0,0.0
2026-02-10,0.0,0.0,0.0,0.0,0.0,0.0,0.0,0.0,0.0,0.0,0.0,0.0,0.0,0.0,0.0
2026-02-12,0.0,0.0,0.0,0.0,0.0,0.0,0.0,0.0,0.0,0.0,0.0,0.0,0.0,0.0,0.0
2026-02-13,0.0,0.0,0.0,0.0,0.0,0.0,0.0,0.0,0.0,0.0,0.0,0.0,0.0,0.0,0.0
2026-02-16,0.0,0.0,0.0,0.0,0.0,0.0,0.0,0.0,0.0,0.0,0.0,0.0,0.0,0.0,0.0
2026-02-17,0.0,0.0,0.0,0.0,0.0,0.0,0.0,0.0,0.0,0.0,0.0,0.0,0.0,0.0,0.0
2026-02-18,0.0,0.0,0.0,0.0,0.0,0.0,0.0,0.0,0.0,0.0,0.0,0.0,0.0,0.0,0.0
2026-02-19,0.0,0.0,0.0,0.0,0.0,0.0,0.0,0.0,0.0,0.0,0.0,0.0,0.0,0.0,0.0
2026-02-20,0.0,0.0,0.0,0.0,0.0,0.0,0.0,0.0,0.0,0.0,0.0,0.0,0.0,0.0,0.0
2026-02-24,0.0,0.0,0.0,0.0,0.0,0.0,0.0,0.0,0.0,0.0,0.0,0.0,0.0,0.0,0.0
2026-02-25,0.0,0.0,0.0,0.0,0.0,0.0,0.0,0.0,0.0,0.0,0.0,0.0,0.0,0.0,0.0
2026-02-26,0.0,0.0,0.0,0.0,0.0,0.0,0.0,0.0,0.0,0.0,0.0,0.0,0.0,0.0,0.0
2026-02-27,0.0,0.0,0.0,0.0,0.0,0.0,0.0,0.0,0.0,0.0,0.0,0.0,0.0,0.0,0.0
2026-03-02,0.0,0.0,0.0,0.0,0.0,0.0,0.0,0.0,0.0,0.0,0.0,0.0,0.0,0.0,0.0
2026-03-03,0.0,0.0,0.0,0.0,0.0,0.0,0.0,0.0,0.0,0.0,0.0,0.0,0.0,0.0,0.0
2026-03-04,0.0,0.0,0.0,0.0,0.0,0.0,0.0,0.0,0.0,0.0,0.0,0.0,0.0,0.0,0.0
2026-03-05,0.0,0.0,0.0,0.0,0.0,0.0,0.0,0.0,0.0,0.0,0.0,0.0,0.0,0.0,0.0
2026-03-06,0.0,0.0,0.0,0.0,0.0,0.0,0.0,0.0,0.0,0.0,0.0,0.0,0.0,0.0,0.0
2026-03-09,0.0,0.0,0.0,0.0,0.0,0.0,0.0,0.0,0.0,0.0,0.0,0.0,0.0,0.0,0.0
