date,6857.T,8306.T,1570.T,8035.T,7011.T,6146.T,8316.T,7974.T,7203.T,9983.T,6758.T,6861.T,8058.T,7012.T,4063.T,8031.T,8766.T,8001.T,6367.T,8002.T,9432.T,2914.T,9101.T,1321.T,8591.T,5020.T,4661.T
2025-03-17,0.0,0.0,0.0,0.0,0.0,0.0,0.0,0.0,0.0,0.0,0.0,0.0,0.0,0.0,0.0,0.0,0.0,0.0,0.0,0.0,0.0,0.0,0.0,0.0,0.0,0.0,0.0
2025-03-18,0.0,0.0,0.0,0.0,0.0,0.0,0.0,0.0,0.0,0.0,0.0,0.0,0.0,0.0,0.0,0.0,0.0,0.0,0.0,0.0,0.0,0.0,0.0,0.0,0.0,0.0,0.0
2025-03-19,0.0,0.0,0.0,0.0,0.0,0.0,0.0,0.0,0.0,0.0,0.0,0.0,0.0,0.0,0.0,0.0,0.0,0.0,0.0,0.0,0.0,0.0,0.0,0.0,0.0,0.0,0.0
2025-03-21,0.0,0.0,0.0,0.0,0.0,0.0,0.0,0.0,0.0,0.0,0.0,0.0,0.0,0.0,0.0,0.0,0.0,0.0,0.0,0.0,0.0,0.0,0.0,0.0,0.0,0.0,0.0
2025-03-24,0.0,0.0,0.0,0.0,0.0,0.0,0.0,0.0,0.0,0.0,0.0,0.0,0.0,0.0,0.0,0.0,0.0,0.0,0.0,0.0,0.0,0.0,0.0,0.0,0.0,0.0,0.0
2025-03-25,0.0,0.0,0.0,0.0,0.0,0.0,0.0,0.0,0.0,0.0,0.0,0.0,0.0,0.0,0.0,0.0,0.0,0.0,0.0,0.0,0.0,0.0,0.0,0.0,0.0,0.0,0.0
2025-03-26,0.0,0.0,0.0,0.0,0.0,0.0,0.0,0.0,0.0,0.0,0.0,0.0,0.0,0.0,0.0,0.0,0.0,0.0,0.0,0.0,0.0,0.0,0.0,0.0,0.0,0.0,0.0
2025-03-27,0.0,0.0,0.0,0.0,0.0,0.0,0.0,0.0,0.0,0.0,0.0,0.0,0.0,0.0,0.0,0.0,0.0,0.0,0.0,0.0,0.0,0.0,0.0,0.0,0.0,0.0,0.0
2025-03-28,0.0,0.0,0.0,0.0,0.0,0.0,0.0,0.0,0.0,0.0,0.0,0.0,0.0,0.0,0.0,0.0,0.0,0.0,0.0,0.0,0.0,0.0,0.0,0.0,0.0,0.0,0.0
2025-03-31,0.0,0.0,0.0,0.0,0.0,0.0,0.0,0.0,0.0,0.0,0.0,0.0,0.0,0.0,0.0,0.0,0.0,0.0,0.0,0.0,0.0,0.0,0.0,0.0,0.0,0.0,0.0
2025-04-01,0.0,0.0,0.0,0.0,0.0,0.0,0.0,0.0,0.0,0.0,0.0,0.0,0.0,0.0,0.0,0.0,0.0,0.0,0.0,0.0,0.0,0.0,0.0,0.0,0.0,0.0,0.0
2025-04-02,0.0,0.0,0.0,0.0,0.0,0.0,0.0,0.0,0.0,0.0,0.0,0.0,0.0,0.0,0.0,0.0,0.0,0.0,0.0,0.0,0.0,0.0,0.0,0.0,0.0,0.0,0.0
2025-04-03,0.0,0.0,0.0,0.0,0.0,0.0,0.0,0.0,0.0,0.0,0.0,0.0,0.0,0.0,0.0,0.0,0.0,0.0,0.0,0.0,0.0,0.0,0.0,0.0,0.0,0.0,0.0
2025-04-04,0.0,0.0,0.0,0.0,0.0,0.0,0.0,0.0,0.0,0.0,0.0,0.0,0.0,0.0,0.0,0.0,0.0,0.0,0.0,0.0,0.0,0.0,0.0,0.0,0.0,0.0,0.0
2025-04-07,0.0,0.0,0.0,0.0,0.0,0.0,0.0,0.0,0.0,0.0,0.0,0.0,0.0,0.0,0.0,0.0,0.0,0.0,0.0,0.0,0.0,0.0,0.0,0.0,0.0,0.0,0.0
2025-04-08,0.0,0.0,0.0,0.0,0.0,0.0,0.0,0.0,0.0,0.0,0.0,0.0,0.0,0.0,0.0,0.0,0.0,0.0,0.0,0.0,0.0,0.0,0.0,0.0,0.0,0.0,0.0
2025-04-09,0.0,0.0,0.0,0.0,0.0,0.0,0.0,0.0,0.0,0.0,0.0,0.0,0.0,0.0,0.0,0.0,0.0,0.0,0.0,0.0,0.0,0.0,0.0,0.0,0.0,0.0,0.0
2025-04-10,0.0,0.0,0.0,0.0,0.0,0.0,0.0,0.0,0.0,0.0,0.0,0.0,0.0,0.0,0.0,0.0,0.0,0.0,0.0,0.0,0.0,0.0,0.0,0.0,0.0,0.0,0.0
2025-04-11,0.0,0.0,0.0,0.0,0.0,0.0,0.0,0.0,0.0,0.0,0.0,0.0,0.0,0.0,0.0,0.0,0.0,0.0,0.0,0.0,0.0,0.0,0.0,0.0,0.0,0.0,0.0
2025-04-14,0.0,0.0,0.0,0.0,0.0,0.0,0.0,0.0,0.0,0.0,0.0,0.0,0.0,0.0,0.0,0.0,0.0,0.0,0.0,0.0,0.0,0.0,0.0,0.0,0.0,0.0,0.0
2025-04-15,0.0,0.0,0.0,0.0,0.0,0.0,0.0,0.0,0.0,0.0,0.0,0.0,0.0,0.0,0.0,0.0,0.0,0.0,0.0,0.0,0.0,0.0,0.0,0.0,0.0,0.0,0.0
2025-04-16,0.0,0.0,0.0,0.0,0.0,0.0,0.0,0.0,0.0,0.0,0.0,0.0,0.0,0.0,0.0,0.0,0.0,0.0,0.0,0.0,0.0,0.0,0.0,0.0,0.0,0.0,0.0
2025-04-17,0.0,0.0,0.0,0.0,0.0,0.0,0.0,0.0,0.0,0.0,0.0,0.0,0.0,0.0,0.0,0.0,0.0,0.0,0.0,0.0,0.0,0.0,0.0,0.0,0.0,0.0,0.0
2025-04-18,0.0,0.0,0.0,0.0,0.0,0.0,0.0,0.0,0.0,0.0,0.0,0.0,0.0,0.0,0.0,0.0,0.0,0.0,0.0,0.0,0.0,0.0,0.0,0.0,0.0,0.0,0.0
2025-04-21,0.0,0.0,0.0,0.0,0.0,0.0,0.0,0.0,0.0,0.0,0.0,0.0,0.0,0.0,0.0,0.0,0.0,0.0,0.0,0.0,0.0,0.0,0.0,0.0,0.0,0.0,0.0
2025-04-22,0.0,0.0,0.0,0.0,0.0,0.0,0.0,0.0,0.0,0.0,0.0,0.0,0.0,0.0,0.0,0.0,0.0,0.0,0.0,0.0,0.0,0.0,0.0,0.0,0.0,0.0,0.0
2025-04-23,0.0,0.0,0.0,0.0,0.0,0.0,0.0,0.0,0.0,0.0,0.0,0.0,0.0,0.0,0.0,0.0,0.0,0.0,0.0,0.0,0.0,0.0,0.0,0.0,0.0,0.0,0.0
2025-04-24,0.0,0.0,0.0,0.0,0.0,0.0,0.0,0.0,0.0,0.0,0.0,0.0,0.0,0.0,0.0,0.0,0.0,0.0,0.0,0.0,0.0,0.0,0.0,0.0,0.0,0.0,0.0
2025-04-25,0.0,0.0,0.0,0.0,0.0,0.0,0.0,0.0,0.0,0.0,0.0,0.0,0.0,0.0,0.0,0.0,0.0,0.0,0.0,0.0,0.0,0.0,0.0,0.0,0.0,0.0,0.0
2025-04-28,0.0,0.0,0.0,0.0,0.0,0.0,0.0,0.0,0.0,0.0,0.0,0.0,0.0,0.0,0.0,0.0,0.0,0.0,0.0,0.0,0.0,0.0,0.0,0.0,0.0,0.0,0.0
2025-04-30,0.0,0.0,0.0,0.0,0.0,0.0,0.0,0.0,0.0,0.0,0.0,0.0,0.0,0.0,0.0,0.0,0.0,0.0,0.0,0.0,0.0,0.0,0.0,0.0,0.0,0.0,0.0
2025-05-01,0.0,0.0,0.0,0.0,0.0,0.0,0.0,0.0,0.0,0.0,0.0,0.0,0.0,0.0,0.0,0.0,0.0,0.0,0.0,0.0,0.0,0.0,0.0,0.0,0.0,0.0,0.0
2025-05-02,0.0,0.0,0.0,0.0,0.0,0.0,0.0,0.0,0.0,0.0,0.0,0.0,0.0,0.0,0.0,0.0,0.0,0.0,0.0,0.0,0.0,0.0,0.0,0.0,0.0,0.0,0.0
2025-05-07,0.0,0.0,0.0,0.0,0.0,0.0,0.0,0.0,0.0,0.0,0.0,0.0,0.0,0.0,0.0,0.0,0.0,0.0,0.0,0.0,0.0,0.0,0.0,0.0,0.0,0.0,0.0
2025-05-08,0.0,0.0,0.0,0.0,0.0,0.0,0.0,0.0,0.0,0.0,0.0,0.0,0.0,0.0,0.0,0.0,0.0,0.0,0.0,0.0,0.0,0.0,0.0,0.0,0.0,0.0,0.0
2025-05-09,0.0,0.0,0.0,0.0,0.0,0.0,0.0,0.0,0.0,0.0,0.0,0.0,0.0,0.0,0.0,0.0,0.0,0.0,0.0,0.0,0.0,0.0,0.0,0.0,0.0,0.0,0.0
2025-05-12,0.0,0.0,0.0,0.0,0.0,0.0,0.0,0.0,0.0,0.0,0.0,0.0,0.0,0.0,0.0,0.0,0.0,0.0,0.0,0.0,0.0,0.0,0.0,0.0,0.0,0.0,0.0
2025-05-13,0.0,0.0,0.0,0.0,0.0,0.0,0.0,0.0,0.0,0.0,0.0,0.0,0.0,0.0,0.0,0.0,0.0,0.0,0.0,0.0,0.0,0.0,0.0,0.0,0.0,0.0,0.0
2025-05-14,0.0,0.0,0.0,0.0,0.0,0.0,0.0,0.0,0.0,0.0,0.0,0.0,0.0,0.0,0.0,0.0,0.0,0.0,0.0,0.0,0.0,0.0,0.0,0.0,0.0,0.0,0.0
2025-05-15,0.0,0.0,0.0,0.0,0.0,0.0,0.0,0.0,0.0,0.0,0.0,0.0,0.0,0.0,0.0,0.0,0.0,0.0,0.0,0.0,0.0,0.0,0.0,0.0,0.0,0.0,0.0
2025-05-16,0.02498373963521723,0.03226092689546137,0.026677890863741845,0.03375400931716918,0.03312968795864949,0.025614482168135423,0.03513825272770528,0.03673103550099428,0.03968469197825246,0.04116092020519589,0.03501355840339315,0.03919382076230856,0.04033043037223772,0.025748660871010264,0.035242712852635014,0.04076721875273597,0.03220708797780811,0.04056552866146928,0.045163069979870525,0.036706912860943165,0.04815730696364211,0.04690475667302289,0.03936171624788317,0.04093676704668579,0.04002368804389308,0.03654918987881017,0.047991936401128664
2025-05-19,0.0,0.029185084166335716,0.0,0.0,0.029143619818328345,0.0,0.03411963529673922,0.0,0.03946983833739137,0.0,0.018042672369700544,0.0,0.028631530653483298,0.0,0.02267043064818471,0.029109602433445587,0.028831806844348672,0.037322946178833485,0.0,0.02763027208145921,0.04791708969533999,0.04262329372888766,0.02510707943020242,0.0,0.0288849354496347,0.032863849070935654,0.03241859471737729
2025-05-20,0.0,0.04872993013954331,0.0,0.0,0.04374365079793643,0.0,0.05213066744392142,0.0,0.06592035280311834,0.0,0.018863643675532126,0.0,0.04290875148450676,0.0,0.022673806956572725,0.0430995477721711,0.02856465074589087,0.06705238081467275,0.0,0.04120037902496783,0.08823278085653814,0.0641608677528482,0.02514278417278783,0.0,0.04332532613084551,0.05959038588204687,0.048127698592130674
2025-05-21,0.0,0.058089288706741876,0.0,0.0,0.04473948262301683,0.0,0.05240364800310849,0.0,0.07846619885883699,0.0,0.01825462538230787,0.0,0.04324548617804186,0.0,0.02252602041454012,0.04413634555671932,0.027700171020051352,0.08245376128121279,0.0,0.04139787321769298,0.1085179025832756,0.06356832282900501,0.025409348709243575,0.0,0.04361193889438703,0.07385312003457731,0.04784403873806446
2025-05-22,0.0,0.057907059695195766,0.0,0.0,0.04584255582386994,0.0,0.05308866556809613,0.0,0.07796081648516186,0.0,0.018345905530817587,0.0,0.043351520842512016,0.0,0.022694184359548977,0.043729618735346226,0.02795829989667655,0.0889206283332344,0.0,0.04115011810449778,0.1232917758286942,0.06354951654769013,0.025827659351238205,0.0,0.04363570558463426,0.0836600138391227,0.04696512096216664
2025-05-23,0.0,0.05750036460675297,0.0,0.0,0.04803482457792812,0.0,0.05332918376523683,0.0,0.07761645647336182,0.0,0.018385269504515526,0.0,0.04329474067178958,0.0,0.02247962361873665,0.04372263909131168,0.028304693751175412,0.09666500678748498,0.0,0.04132861476075994,0.13438119702240212,0.06371440029912188,0.025566600533727737,0.0,0.04311371039209889,0.09019228992309379,0.04669529145056586
2025-05-26,0.0,0.05781188299187063,0.0,0.0,0.04779181029006285,0.0,0.053069069607158646,0.0,0.0774788895878781,0.0,0.018650937414254463,0.0,0.04307365839932108,0.0,0.022748743320382854,0.04313126416175149,0.028497374686517085,0.09606602289629787,0.0,0.04094635910171433,0.1443796257703315,0.06334948738524017,0.025369472759079824,0.0,0.04355357209771194,0.09294287596279605,0.04777124072847005
2025-05-27,0.0,0.05823587045411038,0.0,0.0,0.04893271294150493,0.0,0.05312748502863778,0.0,0.0777232522661676,0.0,0.018921413374230527,0.0,0.04326734322550655,0.0,0.022655647561236888,0.04338394373676,0.02884738662010107,0.09624425012596291,0.0,0.04098673823318651,0.15057566920290932,0.06310396460597711,0.025427143880673256,0.0,0.043968486224043084,0.09516522678831886,0.04703415680613701
2025-05-28,0.0,0.05753828845552762,0.0,0.0,0.048424494771672856,0.0,0.052938458971227016,0.0,0.07709091075607549,0.0,0.01888740932674749,0.0,0.042665808929254666,0.0,0.022450753888608555,0.04360973518759523,0.029095059756063493,0.09580779081152309,0.0,0.041921772638352145,0.15944092094837906,0.06296294682960624,0.02526293183447384,0.0,0.043838757695292954,0.09882336457894841,0.04622327590519604
2025-05-29,0.0,0.05790489775129684,0.0,0.0,0.048194279343085004,0.0,0.052965313662035426,0.0,0.07892998521794972,0.0,0.019335265497680346,0.0,0.042355701131757253,0.0,0.022468334453422157,0.04376262714745402,0.02962281443438413,0.0958546472090641,0.0,0.04237498144234727,0.1632497517749956,0.061966911080862115,0.024972575727462053,0.0,0.043995125010451205,0.1016419144162915,0.04633312294831637
2025-05-30,0.0,0.05797691380163028,0.0,0.0,0.048533221468123784,0.0,0.05275108914326163,0.0,0.07921527970535283,0.0,0.018391050567529467,0.0,0.041979166095035186,0.0,0.02222071550302802,0.04335926993499544,0.02909291469734343,0.09629642305086036,0.0,0.04219888134961615,0.17028683926121937,0.06147144409458069,0.024968472309084253,0.0,0.0434763913600202,0.10106273670869817,0.04657352082139931
2025-06-02,0.0,0.0575955654904964,0.0,0.0,0.04889840579544298,0.0,0.0527623237456434,0.0,0.07784179452684525,0.0,0.018556958656262335,0.0,0.041998660131856366,0.0,0.022202080699893337,0.0431766629530203,0.029720353168438116,0.096325428809177,0.0,0.04236489358024305,0.1715578076259824,0.06177834981202015,0.024686327507488837,0.0,0.04350208348503334,0.10311337936269492,0.046638184837374266
2025-06-03,0.0,0.05723588668362845,0.0,0.0,0.049264038184649875,0.0,0.05248920316258562,0.0,0.07740137721528793,0.0,0.018718564493796813,0.0,0.04145386396456768,0.0,0.022169767656228023,0.043044382517694685,0.029714519518519257,0.09462936420170942,0.0,0.0414641104965406,0.17597965423900067,0.06178222665460516,0.024875540698455906,0.0,0.044102719799091625,0.10387401434349527,0.04678364222177442
2025-06-04,0.0,0.05707137105258635,0.0,0.0,0.0497936053257373,0.0,0.052662079910682946,0.0,0.0784681485814372,0.0,0.018704670734157543,0.0,0.04149925358536849,0.0,0.022062158231934907,0.04296730258769608,0.030027202041190082,0.09416556256278932,0.0,0.041610868104749704,0.17700178978385545,0.06078459755361637,0.024702978370352714,0.0,0.04395534061581664,0.10539642462397109,0.0464645789473288
2025-06-05,0.0,0.057214476507412744,0.0,0.0,0.04942103183822169,0.0,0.05247231651445591,0.0,0.07760588968386922,0.0,0.018724128745512065,0.0,0.04188170967617803,0.0,0.022159394071238174,0.04314682400280461,0.03006842452389924,0.09531074421415417,0.0,0.041598651709468124,0.1797712422742204,0.06077436548685392,0.02395491682010489,0.0,0.04391684546683019,0.10391895088988762,0.04673257815474072
2025-06-06,0.0,0.0569637301892425,0.0,0.0,0.05093541561310475,0.0,0.052250839219424305,0.0,0.07691566902841054,0.0,0.018757529301228842,0.0,0.04168149716101041,0.0,0.02196444944574749,0.042920296138879516,0.029909607979986007,0.09451052489260246,0.0,0.04127072947769397,0.18130290279692965,0.060803589296882295,0.023786062932783847,0.0,0.044033540729075143,0.10411739685012592,0.04817176316242461
2025-06-09,0.0,0.057460790854857786,0.0,0.0,0.05084701421157155,0.0,0.05270920990433446,0.0,0.07645677283464421,0.0,0.018730371963141913,0.0,0.04117952466680248,0.0,0.02196657860186364,0.0427494714455452,0.02999641073029868,0.0944114752195159,0.0,0.04105141314430676,0.18245298288482142,0.06120633613099605,0.02375162523352991,0.0,0.0444004441226256,0.10498169140121798,0.047485706581989424
2025-06-10,0.0,0.0570093773963986,0.0,0.0,0.04995379669132451,0.0,0.05244069001432374,0.0,0.07707804756201063,0.0,0.018596729937300518,0.0,0.04137852573613882,0.0,0.02230020806297258,0.042442966437177786,0.029703209811545096,0.09376983958918943,0.0,0.04125047174638909,0.18198296407215422,0.06180290342605706,0.0243056203018475,0.0,0.04482588509730386,0.10582548790659829,0.04792372393349901
2025-06-11,0.0,0.05686387901202898,0.0,0.0,0.04817522900503238,0.0,0.05196942963480551,0.0,0.07717184078027399,0.0,0.018370037070610155,0.0,0.041793656619062175,0.0,0.022719256990468506,0.04278031329520981,0.02901164285991216,0.09434132143297484,0.0,0.04174603877667404,0.18225121038474923,0.06136440977008952,0.024262341107992667,0.0,0.044790562707974955,0.10745177567659414,0.04827413812795991
2025-06-12,0.0,0.056996259424201924,0.0,0.0,0.050452287738529285,0.0,0.052455324066608154,0.0,0.0759100629233888,0.0,0.018474642497120775,0.0,0.04144084119971177,0.0,0.02212192008477899,0.04267982340065286,0.028852254767815597,0.09312729129282485,0.0,0.04185050536537888,0.18214864120863974,0.062044900447899495,0.02435083471860646,0.0,0.04496782160742175,0.10912979941236592,0.04709919218827294
2025-06-13,0.0,0.05186956420125533,0.0,0.0003042922252597989,0.04685585803136782,0.0,0.049282504431227,0.000317457728397719,0.07447277327380929,0.0027734948881813705,0.016482314846677348,0.0017924870800792724,0.042450772817602005,0.0,0.020947217043822824,0.04334652853536851,0.02321042453244652,0.09321397655253781,0.00439145072613576,0.03948813049371714,0.18854511714478073,0.06632692604925314,0.026545827469094136,0.0020919303345339675,0.04475502334539239,0.10642007118716171,0.054115857061898365
2025-06-16,0.0,0.04736579442310917,0.0,0.0,0.03515526996332786,0.0,0.03483892116276784,0.0,0.06192010521829413,0.0,0.0,0.0,0.04201402230894881,0.0,0.0,0.043249334378531686,0.0,0.09438157258321724,0.0,0.028390574276954378,0.1875705050987552,0.06140356033255112,0.024785047373635138,0.0,0.029748956547995094,0.10186389045084833,0.04692695768690197
2025-06-17,0.0,0.04734645660135298,0.0,0.0,0.03504029225224946,0.0,0.035073817350941,0.0,0.06154229993815039,0.0,0.0,0.0,0.041563612111014434,0.0,0.0,0.04330130407917228,0.0,0.10934986490177813,0.0,0.02827934044438928,0.22075677002178898,0.061355229743185226,0.024630154009771973,0.0,0.029644282990815396,0.11986440330232145,0.04919963439547578
2025-06-18,0.0,0.0472046082610336,0.0,0.0,0.034179027703498115,0.0,0.034732951178559276,0.0,0.06199617315369219,0.0,0.0,0.0,0.041676186028121315,0.0,0.0,0.04342756263627858,0.0,0.1177097602376058,0.0,0.0284825861004418,0.24236616048415974,0.06169284476212389,0.02437813906695466,0.0,0.029588681415518,0.13124225189311947,0.04870029640428318
2025-06-19,0.0,0.04736772899842473,0.0,0.0,0.03479884138252202,0.0,0.03468178413929467,0.0,0.061298120368250816,0.0,0.0,0.0,0.041545354981739654,0.0,0.0,0.04294218264870962,0.0,0.1171418357800246,0.0,0.02832600206799759,0.2580191111203366,0.06227448709148581,0.024282503079871336,0.0,0.029643932763138356,0.1375104985725989,0.04780070204905832
2025-06-20,0.0,0.04790675619662452,0.0,0.0,0.03416774610974259,0.0,0.0349120106770564,0.0,0.06121138759970504,0.0,0.0,0.0,0.04128820529859157,0.0,0.0,0.04292305009764862,0.0,0.11825544128599519,0.0,0.028119544467273074,0.2648348737446009,0.062004712682095335,0.02456335019268339,0.0,0.029650969870329447,0.141799416935165,0.04759175203591819
2025-06-23,0.0,0.0477622007293041,0.0,0.0,0.03432100188149125,0.0,0.035110071473907926,0.0,0.061371549266362194,0.0,0.0,0.0,0.04146443500265134,0.0,0.0,0.04282861397047409,0.0,0.11809169906045265,0.0,0.028201188352528866,0.26815779801556805,0.0626344340198786,0.02486811583079788,0.0,0.03036288491052327,0.14162287867221873,0.04754430266905282
2025-06-24,0.0,0.04863298336293305,0.0,0.0,0.03440072063420905,0.0,0.03559338508211443,0.0,0.06137429515986422,0.0,0.0,0.0,0.041472818487033464,0.0,0.0,0.04303873362331529,0.0,0.11747140019392917,0.0,0.028133450153798818,0.2733325300609468,0.062295653540664984,0.024595637809440345,0.0,0.03051444077261081,0.1390546826573023,0.048107830655056624
2025-06-25,0.0,0.0488569715309098,0.0,0.0,0.03456153064024004,0.0,0.03569645466615488,0.0,0.061143528911104104,0.0,0.0,0.0,0.04131279752393461,0.0,0.0,0.04276428857901751,0.0,0.11651747362093635,0.0,0.028204385968583174,0.27671886930560574,0.06225685507281826,0.02476731196250932,0.0,0.030507977449091016,0.1391218229344036,0.048486453579071116
2025-06-26,0.0,0.048769008195233686,0.0,0.0,0.0354268868058368,0.0,0.03554285046078691,0.0,0.06057968771484103,0.0,0.0,0.0,0.04222651115606709,0.0,0.0,0.04254998402221842,0.0,0.11845047403584152,0.0,0.028133085425924954,0.2757201141345996,0.06131036486946132,0.025005184570707273,0.0,0.03075503730943144,0.14014954267796623,0.048582387823210435
2025-06-27,0.0,0.048489895449295974,0.0,0.0,0.03604045067718219,0.0,0.035303229528634635,0.0,0.06172739907111871,0.0,0.0,0.0,0.042031302622157006,0.0,0.0,0.04309257611782702,0.0,0.11776665802142809,0.0,0.028248063054385295,0.27768867400371033,0.06132541100336021,0.025141819806949187,0.0,0.030773387740688184,0.13833332451861524,0.04876039423788622
2025-06-30,0.0,0.04803765607472713,0.0,0.0,0.035389021306198455,0.0,0.035078486439223906,0.0,0.06035934898361112,0.0,0.0,0.0,0.041950814844411446,0.0,0.0,0.04284304410340023,0.0,0.11750470158701624,0.0,0.028260663148843224,0.28219498761382716,0.0612454598315932,0.024958382551274205,0.0,0.03129861926792391,0.13817500352678408,0.04893356394280558
2025-07-01,0.0,0.04796815570891008,0.0,0.0,0.035825683683288166,0.0,0.03524766635041107,0.0,0.059726630864159656,0.0,0.0,0.0,0.042173357388518594,0.0,0.0,0.04276359983820474,0.0,0.11765288240491693,0.0,0.02819602534319559,0.28250662332114124,0.061649681454462674,0.02485273656538164,0.0,0.03158175858699221,0.13936419491380495,0.04744845485108108
2025-07-02,0.0,0.04766661505752739,0.0,0.0,0.03424865484824059,0.0,0.0348403567731995,0.0,0.05951759206856481,0.0,0.0,0.0,0.04211683148209964,0.0,0.0,0.04286172026954776,0.0,0.11791813401252375,0.0,0.02825958723003086,0.28560303922916636,0.06087807084019805,0.024932785705198586,0.0,0.0314744012842645,0.13965577719720493,0.047747207186395864
2025-07-03,0.0,0.047970352918068115,0.0,0.0,0.0338406821637323,0.0,0.03522742513599866,0.0,0.060615084054922455,0.0,0.0,0.0,0.04266530856678401,0.0,0.0,0.04369309046745643,0.0,0.11769141531787781,0.0,0.02869841021233569,0.2833384406850284,0.060563250901360145,0.02501857340860394,0.0,0.03137197042360708,0.13981854666897822,0.04720870937762607
2025-07-04,0.0,0.04886711786539807,0.0,0.0,0.03331010166328523,0.0,0.03566912340918733,0.0,0.060205484585939474,0.0,0.0,0.0,0.04244499710849189,0.0,0.0,0.043614831656320324,0.0,0.11731044104441203,0.0,0.028702592224613684,0.2837446937930153,0.060865442638224146,0.024686220468761535,0.0,0.03176766131810137,0.13986077914054837,0.04666257491362808
2025-07-07,0.0,0.047870005654408104,0.0,0.0,0.03352892203774899,0.0,0.03501085559586538,0.0,0.05961657070715163,0.0,0.0,0.0,0.0423276028673491,0.0,0.0,0.043711995841921786,0.0,0.11822371696613852,0.0,0.02881501546973474,0.2871074476392248,0.060886886038299864,0.024314248677944093,0.0,0.03133406735905941,0.13841969681880006,0.04653878498346742
2025-07-08,0.0,0.04770514029950206,0.0,0.0,0.033162804669069505,0.0,0.03466482559533952,0.0,0.05975041306960197,0.0,0.0,0.0,0.04207201922136856,0.0,0.0,0.04404238424869474,0.0,0.1186213932401968,0.0,0.02896836879753433,0.286962831654752,0.06030586353950008,0.024573026204171622,0.0,0.031190620143634485,0.13939868440083317,0.04629301808279782
2025-07-09,0.0,0.047849023820424934,0.0,0.0,0.0322099009099008,0.0,0.03482831211453102,0.0,0.060110941962519475,0.0,0.0,0.0,0.04166032003823968,0.0,0.0,0.044458739420244545,0.0,0.11894065270412435,0.0,0.029015118485556293,0.28332519482645263,0.06035121085604049,0.024843402466989066,0.0,0.03166035749216177,0.1428284045830665,0.04563683001108392
2025-07-10,0.0,0.04814367557707514,0.0,0.0,0.03210021029730885,0.0,0.03496374748752438,0.0,0.06033888934045486,0.0,0.0,0.0,0.04204767363272856,0.0,0.0,0.04420613536113759,0.0,0.11892365594103833,0.0,0.029250896214219793,0.2832252884799951,0.06035643359147328,0.024720074642269028,0.0,0.03188290879582804,0.14194266632214672,0.045594539202332106
2025-07-11,0.002897444646538299,0.04796169298945512,0.0,0.0010410576985873153,0.032171021416358817,0.004477808364774882,0.03491102343336663,0.0013387491361957007,0.059291175954803606,0.0011890903685103146,0.0005462030547819105,0.00011561917377284485,0.04106367899728852,0.001415833158156229,0.0006765959587289662,0.04290228753745395,0.0,0.11707863425004231,0.0,0.027262028721771574,0.2801051155318253,0.060748903160014946,0.024416448914018663,0.0,0.031241705837324656,0.1415390214234474,0.04560886027278201
2025-07-14,0.0,0.03864855130457508,0.0,0.0,0.032476942269256986,0.0,0.017574153748602973,0.0,0.049076769727861874,0.0,0.0,0.0,0.02817622242897859,0.0,0.0,0.029567163855206687,0.0,0.1124911689636494,0.0,0.01448760072051769,0.2762128743189814,0.04109747557372033,0.0,0.0,0.016004349568499113,0.14015779396041556,0.044438865764675296
2025-07-15,0.0,0.039019217945708264,0.0,0.0,0.03248258348561619,0.0,0.017718610115156016,0.0,0.04940845503351833,0.0,0.0,0.0,0.02792690294884158,0.0,0.0,0.029126447426108187,0.0,0.1252966659266573,0.0,0.014367610133546092,0.3284966587833816,0.04170597805492201,0.0,0.0,0.01600777252976172,0.1660405454526864,0.04443375059873845
2025-07-16,0.0,0.038485726841234164,0.0,0.0,0.032511845910377715,0.0,0.017500512641602132,0.0,0.048998618851201915,0.0,0.0,0.0,0.027919161226429078,0.0,0.0,0.029163366112446954,0.0,0.1333987458122147,0.0,0.014310168865282009,0.35211841689009016,0.04153708265083917,0.0,0.0,0.015906025649743312,0.17716570167949577,0.04462350127886258
2025-07-17,0.0,0.03846825253695341,0.0,0.0,0.03194924855177207,0.0,0.017537570211682917,0.0,0.049153624973972646,0.0,0.0,0.0,0.02813875558223196,0.0,0.0,0.02910843027999541,0.0,0.13357140488097144,0.0,0.014324535051493588,0.3616768759012156,0.0419801767405882,0.0,0.0,0.015906040164296607,0.1791026751640582,0.04587362642740653
2025-07-18,0.0,0.038389846001835336,0.0,0.0,0.03168428055064666,0.0,0.01747951156734893,0.0,0.04905294365349277,0.0,0.0,0.0,0.02803386798815144,0.0,0.0,0.029115395991731994,0.0,0.13302553755426894,0.0,0.014296349067649629,0.36718995642538804,0.041611156196908396,0.0,0.0,0.016046807759928967,0.17910413662132663,0.046157903065479094
2025-07-22,0.0,0.038860302268154866,0.0,0.0,0.03351527818791015,0.0,0.017599338173378658,0.0,0.04848092727117853,0.0,0.0,0.0,0.028292321704166297,0.0,0.0,0.029442767821540098,0.0,0.13341332743546322,0.0,0.014346996023523266,0.36646983057308513,0.04145678713439128,0.0,0.0,0.015925806421134475,0.18004487573942177,0.04630068609712163
2025-07-23,0.0,0.039640683212582344,0.0,0.0,0.03255131661526389,0.0,0.017984281037566312,0.0,0.0539178276747773,0.0,0.0,0.0,0.02850107744584731,0.0,0.0,0.02969649550616834,0.0,0.13440700077953036,0.0,0.014437317380754126,0.36239960852707837,0.040014221798402194,0.0,0.0,0.015841563804331275,0.17957494145613204,0.04675776060979652
2025-07-24,0.0,0.04057461845644932,0.0,0.0,0.03396917137341412,0.0,0.01862295316607182,0.0,0.05312069099554174,0.0,0.0,0.0,0.028533223246833817,0.0,0.0,0.029883599498877766,0.0,0.13507824748305342,0.0,0.01454045871935259,0.3616076642536832,0.03956123154532743,0.0,0.0,0.0158103311263031,0.1801268904514321,0.04576004034851366
2025-07-25,0.0,0.04058528976620036,0.0,0.0,0.034025681109517245,0.0,0.01866872627532614,0.0,0.05241054119472041,0.0,0.0,0.0,0.02853514388941267,0.0,0.0,0.0296125016715365,0.0,0.13418759031597946,0.0,0.014552572117138106,0.36341747271020813,0.039511034410495874,0.0,0.0,0.01585555042253304,0.1818310184793113,0.0446933731869902
2025-07-28,0.0,0.039808393420177855,0.0,0.0,0.0337603078387318,0.0,0.0182507215371037,0.0,0.053004832719027645,0.0,0.0,0.0,0.028290889030257883,0.0,0.0,0.029264420614977124,0.0,0.13391661720008488,0.0,0.014500099573717928,0.36421324467656757,0.04003083234590536,0.0,0.0,0.015815357261882258,0.18238286493810524,0.04535532623336367
2025-07-29,0.0,0.03935619587405023,0.0,0.0,0.033434503950350386,0.0,0.01801307721135187,0.0,0.052057053568319495,0.0,0.0,0.0,0.027949165207505844,0.0,0.0,0.02886528141219045,0.0,0.1331448974011769,0.0,0.014418502616377981,0.36526085686292153,0.040169144270400275,0.0,0.0,0.015722918501375686,0.18528324616217176,0.04491222035827616
2025-07-30,0.0,0.039455050830403536,0.0,0.0,0.034489241959032246,0.0,0.018071675143920298,0.0,0.05178837789980087,0.0,0.0,0.0,0.027992273842905768,0.0,0.0,0.028903168201587115,0.0,0.1337081186212636,0.0,0.014465998119068457,0.3638316620759959,0.04019497277492989,0.0,0.0,0.015775396037292506,0.18581678522574036,0.04410265980723042
2025-07-31,0.0,0.03957446635487852,0.0,0.0,0.034430917595748234,0.0,0.018002422979878054,0.0,0.050535118354232716,0.0,0.0,0.0,0.02799710874605369,0.0,0.0,0.02907041720771665,0.0,0.13428697804140668,0.0,0.014610719831327324,0.36431679767219627,0.04015701339542764,0.0,0.0,0.015792000033353484,0.18546202483769422,0.04436949666389968
2025-08-01,0.0,0.03947501033986941,0.0,0.0,0.03382449298281713,0.0,0.017669974427343665,0.0,0.050536450231984796,0.0,0.0,0.0,0.028081061704709233,0.0,0.0,0.02883738373505144,0.0,0.1312684993590204,0.0,0.014149707526004375,0.36813857442986503,0.042202982190655255,0.0,0.0,0.015882955762402767,0.1837921528886948,0.04476053138399898
2025-08-04,0.0,0.03865161368175648,0.0,0.0,0.03386887497729488,0.0,0.01746499820746316,0.0,0.050482021009374725,0.0,0.0,0.0,0.028178323876408173,0.0,0.0,0.029339375366211173,0.0,0.13111603997992755,0.0,0.014282591769065316,0.3678200720792831,0.04287208590461218,0.0,0.0,0.01594897059274921,0.18287329953996073,0.04569748351251313
2025-08-05,0.0,0.03860376227341961,0.0,0.0,0.03554639424043797,0.0,0.01747288092531916,0.0,0.05018844346949134,0.0,0.0,0.0,0.02811780384749263,0.0,0.0,0.029247063981005506,0.0,0.13037888047272356,0.0,0.014356615093451423,0.3679969354592586,0.042772942508323517,0.0,0.0,0.015999691734099045,0.1829166528678398,0.0450079345391446
2025-08-06,0.0,0.038477191890432756,0.0,0.0,0.03679048481090593,0.0,0.017403074726992766,0.0,0.05036792339421664,0.0,0.0,0.0,0.0286434843147696,0.0,0.0,0.029139419018646397,0.0,0.13195205475829327,0.0,0.014574969398514725,0.3607845835756846,0.043071657490637245,0.0,0.0,0.015992568616174815,0.18620786396625852,0.045217334355931955
2025-08-07,0.0,0.038795961977005376,0.0,0.0,0.036095739492668776,0.0,0.017460858488901224,0.0,0.04910987468061598,0.0,0.0,0.0,0.028236205311517524,0.0,0.0,0.028992959265436737,0.0,0.13039278439139315,0.0,0.014543062996719527,0.3650863919524995,0.04309298799842609,0.0,0.0,0.016049662725342972,0.18593400414097755,0.0448459745312192
2025-08-08,0.0,0.038315917968244836,0.0,0.0,0.035241077919912295,0.0,0.017256469358559123,0.0,0.049867156138393785,0.0,0.0,0.0,0.028105635151682847,0.0,0.0,0.02908256882697801,0.0,0.1297659469361282,0.0,0.014560290939918587,0.36629587203638364,0.04262906876572172,0.0,0.0,0.016468138735605063,0.1869541074496471,0.04411962667992487
2025-08-12,0.003021719759270458,0.037334863323035955,0.0,0.009132791820337037,0.03211139030543901,0.006887789223690322,0.01614564139997481,0.00032861169639090206,0.04796648502282224,0.0,0.0,0.0004699028375193115,0.026960239805904306,0.0002680367812411784,0.0007996286079514352,0.028012971526115888,0.0,0.12836127297347164,0.0,0.012961999452157917,0.3653589809883027,0.041535945234993876,0.00016188698108208054,0.0,0.0153036710857989,0.18309526385562466,0.043780907318875295
2025-08-13,0.0,0.02947230049546858,0.0,0.0,0.018367162075716943,0.0,0.0,0.0,0.03807853799873486,0.0,0.0,0.0,0.014033996502620672,0.0,0.0,0.014474104622201351,0.0,0.1222502249444261,0.0,0.0,0.364072006007886,0.021031888525851583,0.0,0.0,0.0,0.18153775851485102,0.029537176851653156
2025-08-14,0.0,0.029899384031117825,0.0,0.0,0.01745082404197398,0.0,0.0,0.0,0.037428912141944465,0.0,0.0,0.0,0.013831942328518374,0.0,0.0,0.014310694378498698,0.0,0.14038063413740767,0.0,0.0,0.43743019396282395,0.021007996671906937,0.0,0.0,0.0,0.2180563492620865,0.030244604707569102
2025-08-15,0.0,0.031244280042085192,0.0,0.0,0.01735352003925487,0.0,0.0,0.0,0.037541095307930004,0.0,0.0,0.0,0.013885115550593583,0.0,0.0,0.014357263708663082,0.0,0.14067219514254403,0.0,0.0,0.45171046613601923,0.020643925916864266,0.0,0.0,0.0,0.22719609912974126,0.031156304629108254
2025-08-18,0.0,0.030151970029182514,0.0,0.0,0.01737376810002797,0.0,0.0,0.0,0.03781433040972176,0.0,0.0,0.0,0.013906401147614416,0.0,0.0,0.014287182753327377,0.0,0.1424766936666579,0.0,0.0,0.4581314270312997,0.02029667588904144,0.0,0.0,0.0,0.2270920117791605,0.030730149578780747
2025-08-19,0.0,0.029252468183170486,0.0,0.0,0.017101720080852235,0.0,0.0,0.0,0.037965293852554295,0.0,0.0,0.0,0.013865558609013628,0.0,0.0,0.014309938745354795,0.0,0.14386275338972748,0.0,0.0,0.4625716772905566,0.020456308702971947,0.0,0.0,0.0,0.2256363477948724,0.030822458602616898
2025-08-20,0.0,0.02941533457614109,0.0,0.0,0.016765112828284145,0.0,0.0,0.0,0.038172295362202416,0.0,0.0,0.0,0.013862538410853494,0.0,0.0,0.014346518473027543,0.0,0.1425952528991772,0.0,0.0,0.46322164866669135,0.02096967558960114,0.0,0.0,0.0,0.22568035846525955,0.03224245246770029
2025-08-21,0.0,0.029551488819693168,0.0,0.0,0.01682801926999618,0.0,0.0,0.0,0.03804423895356361,0.0,0.0,0.0,0.014038532334918193,0.0,0.0,0.014517683810376089,0.0,0.14217162859402643,0.0,0.0,0.4619650255929441,0.02085511129785117,0.0,0.0,0.0,0.2279758442297427,0.03202151581775523
2025-08-22,0.0,0.029947588775808526,0.0,0.0,0.016843597323235374,0.0,0.0,0.0,0.038449458000137646,0.0,0.0,0.0,0.014078425662164983,0.0,0.0,0.014599910450246183,0.0,0.14276085053519846,0.0,0.0,0.4611241480921935,0.020875731881581015,0.0,0.0,0.0,0.2281849425777238,0.03181898299603544
2025-08-25,0.0,0.030134219584868647,0.0,0.0,0.016904912428901436,0.0,0.0,0.0,0.038691852859702815,0.0,0.0,0.0,0.014431668133821081,0.0,0.0,0.014939620831766668,0.0,0.146713179743207,0.0,0.0,0.45595029509139123,0.020654349135968107,0.0,0.0,0.0,0.22888624899001742,0.03136763909331261
2025-08-26,0.0,0.030424159779124046,0.0,0.0,0.016997337580679492,0.0,0.0,0.0,0.03879240735848307,0.0,0.0,0.0,0.014555896305574328,0.0,0.0,0.01497860457763983,0.0,0.14685444945237627,0.0,0.0,0.453821021112698,0.020831842834773708,0.0,0.0,0.0,0.23031010646986128,0.031085679429786732
2025-08-27,0.0,0.029968293181513873,0.0,0.0,0.0168921481205236,0.0,0.0,0.0,0.0386732413014772,0.0,0.0,0.0,0.014427948735063768,0.0,0.0,0.014812911501895192,0.0,0.14697393405310194,0.0,0.0,0.4552427370093777,0.02071613676333404,0.0,0.0,0.0,0.22931427014380415,0.03163680368004317
2025-08-28,0.0,0.03003709827837873,0.0,0.0,0.01697968260010521,0.0,0.0,0.0,0.03864630457169957,0.0,0.0,0.0,0.01461105214742837,0.0,0.0,0.014910140186551752,0.0,0.14782503325171475,0.0,0.0,0.4512315342649505,0.020690851141392505,0.0,0.0,0.0,0.23179359681656392,0.03194072524394004
2025-08-29,0.0,0.03004180375644796,0.0,0.0,0.01683097866373674,0.0,0.0,0.0,0.03818638816502812,0.0,0.0,0.0,0.014858824825759863,0.0,0.0,0.01519027827398739,0.0,0.14934714492318873,0.0,0.0,0.44868055365700943,0.0206136639860115,0.0,0.0,0.0,0.2333121575668351,0.031598995529221935
2025-09-01,0.0,0.029727828186247383,0.0,0.0,0.016660068283740462,0.0,0.0,0.0,0.03773857859795631,0.0,0.0,0.0,0.014754664304602443,0.0,0.0,0.015004616553589261,0.0,0.1470017986788796,0.0,0.0,0.4519613307091844,0.020453428960187717,0.0,0.0,0.0,0.2331154529275252,0.032252013384819575
2025-09-02,0.0,0.02956185447541082,0.0,0.0,0.01626109400001543,0.0,0.0,0.0,0.03730929589953246,0.0,0.0,0.0,0.014966889008332814,0.0,0.0,0.015373956547532618,0.0,0.14944395989987463,0.0,0.0,0.45025665490731653,0.020155367046725263,0.0,0.0,0.0,0.2340051255970578,0.031355527620734285
2025-09-03,0.0,0.029025402100363328,0.0,0.0,0.015604053948608507,0.0,0.0,0.0,0.03759182268577178,0.0,0.0,0.0,0.0147597319814251,0.0,0.0,0.015743759721297476,0.0,0.14945340021192927,0.0,0.0,0.4498807395135304,0.02039337603443759,0.0,0.0,0.0,0.23409411089523105,0.03212530353975717
2025-09-04,0.0,0.02936948827583646,0.0,0.0,0.015595462475292417,0.0,0.0,0.0,0.03794075646737838,0.0,0.0,0.0,0.01473557058434999,0.0,0.0,0.015836880946005015,0.0,0.14911128522316477,0.0,0.0,0.4502221655773864,0.02036347538322972,0.0,0.0,0.0,0.23345320014804205,0.0320557758614199
2025-09-05,0.0,0.02956609258323444,0.0,0.0,0.015853394539743756,0.0,0.0,0.0,0.03859016781498957,0.0,0.0,0.0,0.014957395291695201,0.0,0.0,0.016142936415867233,0.0,0.1502014762756932,0.0,0.0,0.44932252838525566,0.02043499103013075,0.0,0.0,0.0,0.23151489910238315,0.03210363390863967
2025-09-08,0.0,0.029648239981865054,0.0,0.0,0.016304147057958327,0.0,0.0,0.0,0.0385067878992883,0.0,0.0,0.0,0.015112103136101264,0.0,0.0,0.01608900499417239,0.0,0.15138953307914998,0.0,0.0,0.4460958378773177,0.020515204714274978,0.0,0.0,0.0,0.23301811045236553,0.03201468912041833
2025-09-09,0.0,0.029090791618988192,0.0,0.0013461365344529556,0.01704931813787574,0.002550885398578789,0.0,0.000717930154069324,0.037158615967989715,0.0,0.0,0.00044332712250165984,0.014636883454036374,0.0007704996592165335,0.00021409262710627813,0.01553639902851355,0.0,0.1500534664043069,0.00013430120052126788,0.0,0.44587593808287124,0.02111907441629516,0.0001647468333828633,0.0,0.0,0.23082175590121992,0.03231583745807365
2025-09-10,0.0,0.020058810878154035,0.0,0.0,0.016324383113170395,0.0,0.0,0.0,0.025133167932602566,0.0,0.0,0.0,0.0,0.0,0.0,0.0,0.0,0.14243431485144595,0.0,0.0,0.450141115066207,0.020205056835184282,0.0,0.0,0.0,0.2256869480590066,0.01604133790781876
2025-09-11,0.0,0.019640109979222192,0.0,0.0,0.016584717377579907,0.0,0.0,0.0,0.024812907157610524,0.0,0.0,0.0,0.0,0.0,0.0,0.0,0.0,0.147783015969174,0.0,0.0,0.49061703953296276,0.020270683914367607,0.0,0.0,0.0,0.2483173813520868,0.015684530673480072
2025-09-12,0.0,0.01969832028248163,0.0,0.0,0.016620022512648956,0.0,0.0,0.0,0.024848153770202178,0.0,0.0,0.0,0.0,0.0,0.0,0.0,0.0,0.14812383349618669,0.0,0.0,0.4979097707131882,0.02024776753626348,0.0,0.0,0.0,0.2521139372152481,0.015662712547195947
2025-09-16,0.0,0.01958391411407868,0.0,0.0,0.016426175490073656,0.0,0.0,0.0,0.0250764764838333,0.0,0.0,0.0,0.0,0.0,0.0,0.0,0.0,0.1471671061812003,0.0,0.0,0.49522280346185865,0.02015515258209787,0.0,0.0,0.0,0.25760585882961434,0.016085461394883448
2025-09-17,0.0,0.019557287603733008,0.0,0.0,0.016070708211232406,0.0,0.0,0.0,0.025300423634583295,0.0,0.0,0.0,0.0,0.0,0.0,0.0,0.0,0.14667794051745997,0.0,0.0,0.4976252095343072,0.0201950897767573,0.0,0.0,0.0,0.2565787393406313,0.015997727284877573
2025-09-18,0.0,0.019610418625058138,0.0,0.0,0.015992386816907903,0.0,0.0,0.0,0.025255477406614317,0.0,0.0,0.0,0.0,0.0,0.0,0.0,0.0,0.1490012780052125,0.0,0.0,0.4957106724304702,0.020257605552833284,0.0,0.0,0.0,0.2570217736309044,0.01584083608464561
2025-09-19,0.0,0.020219220061945088,0.0,0.0,0.016152859037830362,0.0,0.0,0.0,0.025226802274468513,0.0,0.0,0.0,0.0,0.0,0.0,0.0,0.0,0.1507105789327389,0.0,0.0,0.4921935381092229,0.02042855599987166,0.0,0.0,0.0,0.258211041567538,0.015541508027614734
2025-09-22,0.0,0.02031523640969104,0.0,0.0,0.01597176270816197,0.0,0.0,0.0,0.025403768538398843,0.0,0.0,0.0,0.0,0.0,0.0,0.0,0.0,0.15027057433039934,0.0,0.0,0.4894088574481564,0.02026177968391519,0.0,0.0,0.0,0.2612884483192155,0.015772775570606325
2025-09-24,0.0,0.020230103706130043,0.0,0.0,0.016804679089337908,0.0,0.0,0.0,0.0250822683937065,0.0,0.0,0.0,0.0,0.0,0.0,0.0,0.0,0.1483116193406878,0.0,0.0,0.4879786603312568,0.02035141870106582,0.0,0.0,0.0,0.2641011462730262,0.01583465048561437
2025-09-25,0.0,0.02018814038466961,0.0,0.0,0.016559450445617945,0.0,0.0,0.0,0.025181030330322166,0.0,0.0,0.0,0.0,0.0,0.0,0.0,0.0,0.14686005367958455,0.0,0.0,0.4858341804989566,0.02036690037434807,0.0,0.0,0.0,0.26801012568610993,0.01570368610723586
2025-09-26,0.0,0.0203265799377644,0.0,0.0,0.01657053465153203,0.0,0.0,0.0,0.025193932200886626,0.0,0.0,0.0,0.0,0.0,0.0,0.0,0.0,0.14670975051499374,0.0,0.0,0.4872235071411922,0.020722403546624045,0.0,0.0,0.0,0.2667373685239028,0.015222321148561008
2025-09-29,0.0,0.020184189522363893,0.0,0.0,0.017022549178186137,0.0,0.0,0.0,0.024894122874595775,0.0,0.0,0.0,0.0,0.0,0.0,0.0,0.0,0.14643295129393466,0.0,0.0,0.48727511331412593,0.020563658279191956,0.0,0.0,0.0,0.2669894609476645,0.015335473603583739
2025-09-30,0.0,0.02085082801300474,0.0,0.0,0.01689230615339294,0.0,0.0,0.0,0.024818059491669594,0.0,0.0,0.0,0.0,0.0,0.0,0.0,0.0,0.14677449602927634,0.0,0.0,0.4870771617952492,0.02069513719331593,0.0,0.0,0.0,0.2660505627195024,0.015533605581116942
2025-10-01,0.0,0.020337147552627163,0.0,0.0,0.016371491515617898,0.0,0.0,0.0,0.024754642717746998,0.0,0.0,0.0,0.0,0.0,0.0,0.0,0.0,0.14658890044846526,0.0,0.0,0.49097103835663514,0.02070131947126361,0.0,0.0,0.0,0.26321383231355766,0.015744180881444973
2025-10-02,0.0,0.020092607456332325,0.0,0.0,0.01626144610497096,0.0,0.0,0.0,0.02478986756763236,0.0,0.0,0.0,0.0,0.0,0.0,0.0,0.0,0.1475726277179154,0.0,0.0,0.48849161205793595,0.020546066066237934,0.0,0.0,0.0,0.26554101903884986,0.015377671860135583
2025-10-03,0.0,0.020349060414785847,0.0,0.0,0.016231740797786373,0.0,0.0,0.0,0.02498104498391025,0.0,0.0,0.0,0.0,0.0,0.0,0.0,0.0,0.1470798106141178,0.0,0.0,0.4916845215971042,0.021192476797980867,0.0,0.0,0.0,0.261821501635185,0.015338775111620892
2025-10-06,0.0,0.020087470907389632,0.0,0.0,0.017789034037589007,0.0,0.0,0.0,0.025794533021837984,0.0,0.0,0.0,0.0,0.0,0.0,0.0,0.0,0.14630201600785137,0.0,0.0,0.4897517859832588,0.020922619327799208,0.0,0.0,0.0,0.2623774069301258,0.015672737448036732
2025-10-07,0.0,0.01995579555291774,0.0,0.0,0.017758787322217185,0.0,0.0,0.0,0.02630319160953579,0.0,0.0,0.0,0.0,0.0,0.0,0.0,0.0,0.14676885508203935,0.0,0.0,0.48785461537344044,0.020738494605016648,0.0,0.0,0.0,0.26375192917538276,0.015561779091516625
2025-10-08,0.0,0.02032376759730051,0.0,0.0,0.018400136641597797,0.0,0.0,0.0,0.026072997953646232,0.0,0.0,0.0,0.0,0.0,0.0,0.0,0.0,0.1481542478372879,0.0,0.0,0.4817629844099018,0.02077121902687974,0.0,0.0,0.0,0.2682923654812767,0.014921137413153476
2025-10-09,0.0,0.019782284154679978,0.0,0.0014201719063123412,0.016554858069215302,0.0004729095495202278,0.0,0.0014271154833635003,0.024395092281536135,0.0,0.0,0.0004077647853935331,0.00014555429693487707,0.0,0.0007929931089942874,0.000250718667288311,0.0,0.1486411363940556,0.0,0.00032669919722810273,0.47644938547401955,0.021269697019225795,0.00044291910922462517,8.587522785206882e-05,0.0,0.2708971316566554,0.016237693618500457
2025-10-10,0.0,0.010006593846113718,0.0,0.0,0.0,0.0,0.0,0.0,0.012693265760595455,0.0,0.0,0.0,0.0,0.0,0.0,0.0,0.0,0.14209889178158785,0.0,0.0,0.48178794335281905,0.02099107624253662,0.0,0.0,0.0,0.2600645930604262,0.01563831362121317
2025-10-14,0.0,0.009909086400867635,0.0,0.0,0.0,0.0,0.0,0.0,0.012696984203521382,0.0,0.0,0.0,0.0,0.0,0.0,0.0,0.0,0.14734956963216014,0.0,0.0,0.5134887585625063,0.021220589479738337,0.0,0.0,0.0,0.27125161573841794,0.015741342073667463
2025-10-15,0.0,0.01003605752790988,0.0,0.0,0.0,0.0,0.0,0.0,0.01276300899500892,0.0,0.0,0.0,0.0,0.0,0.0,0.0,0.0,0.14697939645395616,0.0,0.0,0.5170978981583475,0.02110050781522395,0.0,0.0,0.0,0.2720774757751876,0.015682708838898895
2025-10-16,0.0,0.0099793089087934,0.0,0.0,0.0,0.0,0.0,0.0,0.012813502030000043,0.0,0.0,0.0,0.0,0.0,0.0,0.0,0.0,0.145461112907836,0.0,0.0,0.5223068798365088,0.020995990337166988,0.0,0.0,0.0,0.27072898285676517,0.01549156515524121
2025-10-17,0.0,0.009668896173983156,0.0,0.0,0.0,0.0,0.0,0.0,0.012704907917751215,0.0,0.0,0.0,0.0,0.0,0.0,0.0,0.0,0.14470645206897403,0.0,0.0,0.5299633617670847,0.02119567171211528,0.0,0.0,0.0,0.2646687559254697,0.015548191383919163
2025-10-20,0.0,0.009944342399237716,0.0,0.0,0.0,0.0,0.0,0.0,0.012844240956950907,0.0,0.0,0.0,0.0,0.0,0.0,0.0,0.0,0.14614120256033986,0.0,0.0,0.5263700824535865,0.02098654721652837,0.0,0.0,0.0,0.26751136481252613,0.015354920091726192
2025-10-21,0.0,0.009829771635832187,0.0,0.0,0.0,0.0,0.0,0.0,0.012801067720769542,0.0,0.0,0.0,0.0,0.0,0.0,0.0,0.0,0.1464220610475106,0.0,0.0,0.5278785656091454,0.02074386208270099,0.0,0.0,0.0,0.2661493206403924,0.015331461806006518
2025-10-22,0.0,0.00967981513517844,0.0,0.0,0.0,0.0,0.0,0.0,0.013178134289295559,0.0,0.0,0.0,0.0,0.0,0.0,0.0,0.0,0.14810116742220183,0.0,0.0,0.5251096025534568,0.020628144935474775,0.0,0.0,0.0,0.2673267718306516,0.015135324981101374
2025-10-23,0.0,0.009593537095002571,0.0,0.0,0.0,0.0,0.0,0.0,0.01311236929500462,0.0,0.0,0.0,0.0,0.0,0.0,0.0,0.0,0.14572504161095912,0.0,0.0,0.5243581657621682,0.020752500646125376,0.0,0.0,0.0,0.2707494205466769,0.01486860381073801
2025-10-24,0.0,0.00944599326477744,0.0,0.0,0.0,0.0,0.0,0.0,0.013221853598459739,0.0,0.0,0.0,0.0,0.0,0.0,0.0,0.0,0.14799004667287843,0.0,0.0,0.5229765391515929,0.02054435073175761,0.0,0.0,0.0,0.27023532891422564,0.014748265222714285
2025-10-27,0.0,0.00943908230224612,0.0,0.0,0.0,0.0,0.0,0.0,0.013363381807579417,0.0,0.0,0.0,0.0,0.0,0.0,0.0,0.0,0.1490984609599608,0.0,0.0,0.5223055770193602,0.02033537833124247,0.0,0.0,0.0,0.27013425029727495,0.014501221029231612
2025-10-28,0.0,0.009575963804506881,0.0,0.0,0.0,0.0,0.0,0.0,0.013356226621548855,0.0,0.0,0.0,0.0,0.0,0.0,0.0,0.0,0.14912136053804023,0.0,0.0,0.5229171016960611,0.020506344228817225,0.0,0.0,0.0,0.2688834568439342,0.014805151868415082
2025-10-29,0.0,0.009673123766589941,0.0,0.0,0.0,0.0,0.0,0.0,0.013344287379825457,0.0,0.0,0.0,0.0,0.0,0.0,0.0,0.0,0.14871287842869693,0.0,0.0,0.5223334334293794,0.02034817175464439,0.0,0.0,0.0,0.2700674192588423,0.014680412784989163
2025-10-30,0.0,0.009809387383094304,0.0,0.0,0.0,0.0,0.0,0.0,0.01345516744838732,0.0,0.0,0.0,0.0,0.0,0.0,0.0,0.0,0.1499543600903511,0.0,0.0,0.5169547350463195,0.020336212624806106,0.0,0.0,0.0,0.27401521747106033,0.01463803931198181
2025-10-31,0.0,0.009809155626272712,0.0,0.0,0.0,0.0,0.0,0.0,0.01321078556019046,0.0,0.0,0.0,0.0,0.0,0.0,0.0,0.0,0.1503958223234819,0.0,0.0,0.5161451193521019,0.02207646899363299,0.0,0.0,0.0,0.27439365395893883,0.013135006675523975
2025-11-04,0.0,0.009863862611641737,0.0,0.0,0.0,0.0,0.0,0.0,0.01334497707535578,0.0,0.0,0.0,0.0,0.0,0.0,0.0,0.0,0.15174783219894394,0.0,0.0,0.5087570337843662,0.021841540479190975,0.0,0.0,0.0,0.28036337212964935,0.013243462194275418
2025-11-05,0.0,0.009888980422830982,0.0,0.0,0.0,0.0,0.0,0.0,0.013104838921275582,0.0,0.0,0.0,0.0,0.0,0.0,0.0,0.0,0.16013768508105017,0.0,0.0,0.5011514463390413,0.022719155145723303,0.0,0.0,0.0,0.27859938464994893,0.013544540753502593
2025-11-06,0.0,0.009939822707628169,0.0,0.0,0.0,0.0,0.0,0.0,0.013391031536156575,0.0,0.0,0.0,0.0,0.0,0.0,0.0,0.0,0.1628765798185594,0.0,0.0,0.4975960467039314,0.022808369066247967,0.0,0.0,0.0,0.2794207807864771,0.013122272381400964
2025-11-07,0.0,0.009864107530647136,0.0,0.0,0.0,0.0,0.0,0.0,0.013288523344375792,0.0,0.0,0.0,0.0,0.0,0.0,0.0,0.0,0.16212168955101192,0.0,0.0,0.49876199787555775,0.023111133789675158,0.0,0.0,0.0,0.27874958166021024,0.013258690225899003
2025-11-10,0.006478952019208534,0.008619824036556912,0.0,0.0004832091119941523,0.0,0.003192635306938233,0.0,0.000249655471730537,0.011495338176218993,0.0,0.0,0.0,0.0,0.0002598306387857775,0.0,0.0,0.0,0.15815028548223894,0.0,0.0,0.49225622172924055,0.023139185969862672,0.0,0.0,0.0,0.28261827761933456,0.013056584437890244
2025-11-11,0.0,0.0,0.0,0.0,0.0,0.0,0.0,0.0,0.0,0.0,0.0,0.0,0.0,0.0,0.0,0.0,0.0,0.1493742754788819,0.0,0.0,0.49504020036521534,0.02300511740887825,0.0,0.0,0.0,0.28018131913898436,0.0
2025-11-12,0.0,0.0,0.0,0.0,0.0,0.0,0.0,0.0,0.0,0.0,0.0,0.0,0.0,0.0,0.0,0.0,0.0,0.1598149473387459,0.0,0.0,0.5192028144573754,0.023215134368724872,0.0,0.0,0.0,0.2930430868882995,0.0
2025-11-13,0.0,0.0,0.0,0.0,0.0,0.0,0.0,0.0,0.0,0.0,0.0,0.0,0.0,0.0,0.0,0.0,0.0,0.15888477418771013,0.0,0.0,0.5160694681400312,0.023303771762502645,0.0,0.0,0.0,0.29893688008560826,0.0
2025-11-14,0.0,0.0,0.0,0.0,0.0,0.0,0.0,0.0,0.0,0.0,0.0,0.0,0.0,0.0,0.0,0.0,0.0,0.15888934906264815,0.0,0.0,0.5153428070504353,0.023209667308764583,0.0,0.0,0.0,0.30103140987433186,0.0
2025-11-17,0.0,0.0,0.0,0.0,0.0,0.0,0.0,0.0,0.0,0.0,0.0,0.0,0.0,0.0,0.0,0.0,0.0,0.15518975184947423,0.0,0.0,0.5190255066183728,0.023122065873502705,0.0,0.0,0.0,0.30177352655093215,0.0
2025-11-18,0.0,0.0,0.0,0.0,0.0,0.0,0.0,0.0,0.0,0.0,0.0,0.0,0.0,0.0,0.0,0.0,0.0,0.15323288600019994,0.0,0.0,0.5301304353480072,0.023534477851406544,0.0,0.0,0.0,0.2921922446194527,0.0
2025-11-19,0.0,0.0,0.0,0.0,0.0,0.0,0.0,0.0,0.0,0.0,0.0,0.0,0.0,0.0,0.0,0.0,0.0,0.15197747214189372,0.0,0.0,0.5275031391436124,0.023534260845492743,0.0,0.0,0.0,0.2960779001546765,0.0
2025-11-20,0.0,0.0,0.0,0.0,0.0,0.0,0.0,0.0,0.0,0.0,0.0,0.0,0.0,0.0,0.0,0.0,0.0,0.151809899715638,0.0,0.0,0.5239971914767008,0.023719925380045324,0.0,0.0,0.0,0.2995723760252361,0.0
2025-11-21,0.0,0.0,0.0,0.0,0.0,0.0,0.0,0.0,0.0,0.0,0.0,0.0,0.0,0.0,0.0,0.0,0.0,0.1520894494091576,0.0,0.0,0.5288848714902221,0.023676348619694306,0.0,0.0,0.0,0.2944497544333087,0.0
2025-11-25,0.0,0.0,0.0,0.0,0.0,0.0,0.0,0.0,0.0,0.0,0.0,0.0,0.0,0.0,0.0,0.0,0.0,0.1541344041983721,0.0,0.0,0.5259069785830002,0.02353211538743603,0.0,0.0,0.0,0.29552142574922924,0.0
2025-11-26,0.0,0.0,0.0,0.0,0.0,0.0,0.0,0.0,0.0,0.0,0.0,0.0,0.0,0.0,0.0,0.0,0.0,0.1538293371375009,0.0,0.0,0.5253521296027125,0.023663242259652342,0.0,0.0,0.0,0.29626805299477116,0.0
2025-11-27,0.0,0.0,0.0,0.0,0.0,0.0,0.0,0.0,0.0,0.0,0.0,0.0,0.0,0.0,0.0,0.0,0.0,0.15422882285084186,0.0,0.0,0.5258152228022083,0.023968831294427367,0.0,0.0,0.0,0.2950939266189864,0.0
2025-11-28,0.0,0.0,0.0,0.0,0.0,0.0,0.0,0.0,0.0,0.0,0.0,0.0,0.0,0.0,0.0,0.0,0.0,0.15493870521059475,0.0,0.0,0.5267609844651666,0.02373145333989227,0.0,0.0,0.0,0.2936820946401622,0.0
2025-12-01,0.0,0.0,0.0,0.0,0.0,0.0,0.0,0.0,0.0,0.0,0.0,0.0,0.0,0.0,0.0,0.0,0.0,0.1517296095187121,0.0,0.0,0.5284985351521649,0.023801617471785563,0.0,0.0,0.0,0.29508055047776566,0.0
2025-12-02,0.0,0.0,0.0,0.0,0.0,0.0,0.0,0.0,0.0,0.0,0.0,0.0,0.0,0.0,0.0,0.0,0.0,0.1520182493359896,0.0,0.0,0.5253115864102222,0.023879138812224893,0.0,0.0,0.0,0.2979061350493209,0.0
2025-12-03,0.0,0.0,0.0,0.0,0.0,0.0,0.0,0.0,0.0,0.0,0.0,0.0,0.0,0.0,0.0,0.0,0.0,0.1514841952982613,0.0,0.0,0.5234599575252326,0.023535871754268172,0.0,0.0,0.0,0.30063250423019905,0.0
2025-12-04,0.0,0.0,0.0,0.0,0.0,0.0,0.0,0.0,0.0,0.0,0.0,0.0,0.0,0.0,0.0,0.0,0.0,0.1531640619575573,0.0,0.0,0.5215077207961658,0.023132032652943058,0.0,0.0,0.0,0.3013171373087247,0.0
2025-12-05,0.0,0.0,0.0,0.0,0.0,0.0,0.0,0.0,0.0,0.0,0.0,0.0,0.0,0.0,0.0,0.0,0.0,0.15177624894781935,0.0,0.0,0.5190888837084431,0.023166092225287954,0.0,0.0,0.0,0.3050841398903447,0.0
2025-12-08,0.0,0.0,0.0,0.0,0.0,0.0,0.0,0.0,0.0,0.0,0.0,0.0,0.0,0.0,0.0,0.0,0.0,0.15339781647901085,0.0,0.0,0.5163357073896423,0.023035529032385302,0.0,0.0,0.0,0.30635328503018955,0.0
2025-12-09,0.006099659626122895,0.0,0.0,0.0012320887002111357,0.0,0.0,0.0,0.0005600166921533146,0.0,0.0004570206862297889,0.0,0.0,0.0,0.0,0.0,0.0,0.0,0.15456555197151667,0.0,0.0,0.5115821248862426,0.022827259228210335,0.0,0.0,0.0,0.30186597660104425,0.0008103016082691058
2025-12-10,0.0,0.0,0.0,0.0,0.0,0.0,0.0,0.0,0.0,0.0,0.0,0.0,0.0,0.0,0.0,0.0,0.0,0.14665182761719703,0.0,0.0,0.5118219756504611,0.0,0.0,0.0,0.0,0.30253867512370136,0.0
2025-12-11,0.0,0.0,0.0,0.0,0.0,0.0,0.0,0.0,0.0,0.0,0.0,0.0,0.0,0.0,0.0,0.0,0.0,0.14836700429084956,0.0,0.0,0.5340673827416819,0.0,0.0,0.0,0.0,0.3075781898885538,0.0
2025-12-12,0.0,0.0,0.0,0.0,0.0,0.0,0.0,0.0,0.0,0.0,0.0,0.0,0.0,0.0,0.0,0.0,0.0,0.14969864185311785,0.0,0.0,0.5345901689119233,0.0,0.0,0.0,0.0,0.31084155051952667,0.0
2025-12-15,0.0,0.0,0.0,0.0,0.0,0.0,0.0,0.0,0.0,0.0,0.0,0.0,0.0,0.0,0.0,0.0,0.0,0.1486503561920713,0.0,0.0,0.534968484812481,0.0,0.0,0.0,0.0,0.31402993614057734,0.0
2025-12-16,0.0,0.0,0.0,0.0,0.0,0.0,0.0,0.0,0.0,0.0,0.0,0.0,0.0,0.0,0.0,0.0,0.0,0.1465798359502396,0.0,0.0,0.5410791900708921,0.0,0.0,0.0,0.0,0.31122792404128274,0.0
2025-12-17,0.0,0.0,0.0,0.0,0.0,0.0,0.0,0.0,0.0,0.0,0.0,0.0,0.0,0.0,0.0,0.0,0.0,0.14697463198133134,0.0,0.0,0.544938691348772,0.0,0.0,0.0,0.0,0.30696423992124544,0.0
2025-12-18,0.0,0.0,0.0,0.0,0.0,0.0,0.0,0.0,0.0,0.0,0.0,0.0,0.0,0.0,0.0,0.0,0.0,0.14428627585999854,0.0,0.0,0.5487501956170743,0.0,0.0,0.0,0.0,0.30584622457501026,0.0
2025-12-19,0.0,0.0,0.0,0.0,0.0,0.0,0.0,0.0,0.0,0.0,0.0,0.0,0.0,0.0,0.0,0.0,0.0,0.14481070902191578,0.0,0.0,0.546512005665338,0.0,0.0,0.0,0.0,0.3075666648069817,0.0
2025-12-22,0.0,0.0,0.0,0.0,0.0,0.0,0.0,0.0,0.0,0.0,0.0,0.0,0.0,0.0,0.0,0.0,0.0,0.14543817315044966,0.0,0.0,0.5408391111961983,0.0,0.0,0.0,0.0,0.3126072828341026,0.0
2025-12-23,0.0,0.0,0.0,0.0,0.0,0.0,0.0,0.0,0.0,0.0,0.0,0.0,0.0,0.0,0.0,0.0,0.0,0.1454900717421871,0.0,0.0,0.5427563327018775,0.0,0.0,0.0,0.0,0.31064566753565065,0.0
2025-12-24,0.0,0.0,0.0,0.0,0.0,0.0,0.0,0.0,0.0,0.0,0.0,0.0,0.0,0.0,0.0,0.0,0.0,0.14572844896892068,0.0,0.0,0.5421555540272537,0.0,0.0,0.0,0.0,0.31100929535251626,0.0
2025-12-25,0.0,0.0,0.0,0.0,0.0,0.0,0.0,0.0,0.0,0.0,0.0,0.0,0.0,0.0,0.0,0.0,0.0,0.1456558695416236,0.0,0.0,0.5419012496615034,0.0,0.0,0.0,0.0,0.3113395219088692,0.0
2025-12-26,0.0,0.0,0.0,0.0,0.0,0.0,0.0,0.0,0.0,0.0,0.0,0.0,0.0,0.0,0.0,0.0,0.0,0.1453815149040973,0.0,0.0,0.5449773004362772,0.0,0.0,0.0,0.0,0.3085462365450261,0.0
2025-12-29,0.0,0.0,0.0,0.0,0.0,0.0,0.0,0.0,0.0,0.0,0.0,0.0,0.0,0.0,0.0,0.0,0.0,0.15163724189040031,0.0,0.0,0.5389738724265849,0.0,0.0,0.0,0.0,0.30830463389705526,0.0
2025-12-30,0.0,0.0,0.0,0.0,0.0,0.0,0.0,0.0,0.0,0.0,0.0,0.0,0.0,0.0,0.0,0.0,0.0,0.14974340308385953,0.0,0.0,0.5399405823215774,0.0,0.0,0.0,0.0,0.30922361905311857,0.0
2026-01-05,0.0,0.0,0.0,0.0,0.0,0.0,0.0,0.0,0.0,0.0,0.0,0.0,0.0,0.0,0.0,0.0,0.0,0.1497928501921243,0.0,0.0,0.5395901960132771,0.0,0.0,0.0,0.0,0.30953758714238344,0.0
2026-01-06,0.0,0.0,0.0,0.0,0.0,0.0,0.0,0.0,0.0,0.0,0.0,0.0,0.0,0.0,0.0,0.0,0.0,0.14955541286928295,0.0,0.0,0.5308411442269333,0.0,0.0,0.0,0.0,0.31854950665596976,0.0
2026-01-07,0.0,0.0,0.0,0.0,0.0,0.0,0.0,0.0,0.0,0.0,0.0,0.0,0.0,0.0,0.0,0.0,0.0,0.14941397992096725,0.0,0.0,0.5364082532756644,0.0,0.0,0.0,0.0,0.3131027431263215,0.0
2026-01-08,0.0,0.0,0.0,0.0,0.0,0.0,0.0,0.0,0.0,0.0,0.0,0.0,0.0,0.0,0.0,0.0,0.0,0.14810457256861673,0.0,0.0,0.5316779509170731,0.0,0.0,0.0,0.0,0.3191424794551633,0.0
2026-01-09,0.004396445080000688,0.0,0.0,0.0012875443689297232,0.0,0.0,0.0,0.0004896743128678438,0.0,0.0005005287805441785,0.0,0.0,0.0,0.0,0.0,0.00014387243815475902,0.0,0.14680887297607179,0.0,0.0,0.5295841297991548,0.0004934930626696018,0.00023053793998109066,0.0,0.0,0.3148385933539389,0.0012263078876865363
2026-01-13,0.0,0.0,0.0,0.0,0.0,0.0,0.0,0.0,0.0,0.0,0.0,0.0,0.0,0.0,0.0,0.0,0.0,0.1421104099048217,0.0,0.0,0.5206118128326644,0.0,0.0,0.0,0.0,0.32157611621394966,0.0
2026-01-14,0.0,0.0,0.0,0.0,0.0,0.0,0.0,0.0,0.0,0.0,0.0,0.0,0.0,0.0,0.0,0.0,0.0,0.14148390664713067,0.0,0.0,0.5254871479423134,0.0,0.0,0.0,0.0,0.329942330527061,0.0
2026-01-15,0.0,0.0,0.0,0.0,0.0,0.0,0.0,0.0,0.0,0.0,0.0,0.0,0.0,0.0,0.0,0.0,0.0,0.14374814844125522,0.0,0.0,0.5268465806963456,0.0,0.0,0.0,0.0,0.32753656859651387,0.0
2026-01-16,0.0,0.0,0.0,0.0,0.0,0.0,0.0,0.0,0.0,0.0,0.0,0.0,0.0,0.0,0.0,0.0,0.0,0.1458013856369009,0.0,0.0,0.5232014481965082,0.0,0.0,0.0,0.0,0.32972595966799145,0.0
2026-01-19,0.0,0.0,0.0,0.0,0.0,0.0,0.0,0.0,0.0,0.0,0.0,0.0,0.0,0.0,0.0,0.0,0.0,0.14501198546806904,0.0,0.0,0.5266055270545976,0.0,0.0,0.0,0.0,0.3277139403828516,0.0
2026-01-20,0.0,0.0,0.0,0.0,0.0,0.0,0.0,0.0,0.0,0.0,0.0,0.0,0.0,0.0,0.0,0.0,0.0,0.1429138246077709,0.0,0.0,0.533006329503357,0.0,0.0,0.0,0.0,0.32341162057084233,0.0
2026-01-21,0.0,0.0,0.0,0.0,0.0,0.0,0.0,0.0,0.0,0.0,0.0,0.0,0.0,0.0,0.0,0.0,0.0,0.14175530127199518,0.0,0.0,0.5264604705771321,0.0,0.0,0.0,0.0,0.33111204116472376,0.0
2026-01-22,0.0,0.0,0.0,0.0,0.0,0.0,0.0,0.0,0.0,0.0,0.0,0.0,0.0,0.0,0.0,0.0,0.0,0.14203965674824823,0.0,0.0,0.5214106991251849,0.0,0.0,0.0,0.0,0.3358792163784058,0.0
2026-01-23,0.0,0.0,0.0,0.0,0.0,0.0,0.0,0.0,0.0,0.0,0.0,0.0,0.0,0.0,0.0,0.0,0.0,0.1401166089556212,0.0,0.0,0.5234626009818765,0.0,0.0,0.0,0.0,0.33575327946637007,0.0
2026-01-26,0.0,0.0,0.0,0.0,0.0,0.0,0.0,0.0,0.0,0.0,0.0,0.0,0.0,0.0,0.0,0.0,0.0,0.13766161730376186,0.0,0.0,0.527457372998539,0.0,0.0,0.0,0.0,0.33420583290808703,0.0
2026-01-27,0.0,0.0,0.0,0.0,0.0,0.0,0.0,0.0,0.0,0.0,0.0,0.0,0.0,0.0,0.0,0.0,0.0,0.13767884257223864,0.0,0.0,0.5240557366075249,0.0,0.0,0.0,0.0,0.33758725041365495,0.0
2026-01-28,0.0,0.0,0.0,0.0,0.0,0.0,0.0,0.0,0.0,0.0,0.0,0.0,0.0,0.0,0.0,0.0,0.0,0.13802435255990606,0.0,0.0,0.5252031978828439,0.0,0.0,0.0,0.0,0.33609015655270447,0.0
2026-01-29,0.0,0.0,0.0,0.0,0.0,0.0,0.0,0.0,0.0,0.0,0.0,0.0,0.0,0.0,0.0,0.0,0.0,0.13686394972293586,0.0,0.0,0.5179893266946054,0.0,0.0,0.0,0.0,0.3444680956816352,0.0
2026-01-30,0.0,0.0,0.0,0.0,0.0,0.0,0.0,0.0,0.0,0.0,0.0,0.0,0.0,0.0,0.0,0.0,0.0,0.13568885977569017,0.0,0.0,0.5160058428599869,0.0,0.0,0.0,0.0,0.34763625089665023,0.0
