date,strategy_equity,7201.T_price_norm,9501.T_price_norm,7267.T_price_norm
2023-05-02,0.9874408964316868,1.0,1.0,1.0
2023-05-08,0.9914707923796242,1.0013992101099074,1.0061728395061729,0.9972383764471905
2023-05-09,1.0055866737272805,1.0213872057165314,1.0205761316872428,1.0102181417821168
2023-05-10,0.9987330482389992,1.0137918178034582,1.0123456790123457,1.0088373300057119
2023-05-11,0.9877931800749367,1.0109933975836431,1.0,0.9892293988705999
2023-05-12,1.0185234962370462,1.064361396270773,1.0267489711934157,1.0331400436200537
2023-05-15,1.0284436042692726,1.0249850575300847,1.0493827160493827,1.0353493200228479
2023-05-16,1.0465437019255226,1.0233860682989986,1.0740740740740742,1.049433779657805
2023-05-17,1.0214062324431008,1.008594976758819,1.0390946502057614,1.0568901856898443
2023-05-18,0.9905723335173195,1.0141915651112297,0.9897119341563786,1.0748412997694459
2023-05-19,0.9838125221159524,1.0225865106616507,0.977366255144033,1.0787075054250184
2023-05-22,0.9914020912077492,1.0439737163781821,0.9814814814814815,1.0941727768363805
2023-05-23,0.9884339271452492,1.0415751064879435,0.977366255144033,1.0958298182864268
2023-05-24,1.0104754005339212,1.041175422201977,1.0102880658436213,1.0930681947336174
2023-05-25,1.0043257820036477,1.0393764647842978,1.0,1.103286224318466
2023-05-26,0.9924885658171242,1.0489705892362287,0.9814814814814815,1.0974868597364733
2023-05-29,0.9982500007536477,1.0491705574228216,0.9876543209876543,1.1115713193714305
2023-05-30,1.0118712562468117,1.0659605115454687,1.0020576131687242,1.124274967229983
2023-05-31,0.9984683418181007,1.0451730843451064,0.9897119341563786,1.1060479600685436
2023-06-01,1.0231827186491556,1.037777412531407,1.02880658436214,1.0985916662337722
2023-06-02,1.0544264697350918,1.0503697993461363,1.0740740740740742,1.119856414424395
2023-06-05,1.037765926137829,1.0917451267129012,1.0349794238683128,1.1557580815972583
2023-06-06,1.0277567558524525,1.0959425049554046,1.0199588728539737,1.1728803944586668
2023-06-07,1.014768123650304,1.0571657556654712,1.015020551014339,1.1491300279943404
2023-06-08,1.0373500023124136,1.046971852697371,1.0493827160493827,1.1455399398151416
2023-06-09,1.0601791191337027,1.049570304730593,1.0798353658291537,1.1734327416086823
2023-06-12,1.0291919670340932,1.0479712524777023,1.0378600697458527,1.186688848814518
2023-06-13,1.0373122368094838,1.0703579209963696,1.0415638111255787,1.2093344087815456
2023-06-14,1.0352714348075307,1.1003399144063055,1.02880658436214,1.2526925941837161
2023-06-15,1.0208466453788199,1.0847493282505827,1.0141975183055234,1.2457885353016922
2023-06-16,1.042088619255773,1.085748728030914,1.0430041026676633,1.2300468098221526
2023-06-19,1.0415709648368277,1.087947306712755,1.0415638111255787,1.2137531859816695
2023-06-20,1.0298365288016713,1.073555899458542,1.0302469386975952,1.2051918612550634
2023-06-21,1.0383913383719838,1.072956310007787,1.0421810699588476,1.2220381688373658
2023-06-22,1.0592704582450307,1.0755546990192042,1.0699588477366255,1.2190002034136467
2023-06-23,1.1092447929618277,1.0787529295685956,1.1374485345534335,1.1991163791966968
2023-06-26,1.0689090385672964,1.070757731325946,1.0847736876687886,1.188069660590923
2023-06-27,1.0617048759696401,1.0899461062734173,1.0685184934011702,1.1886218955436705
2023-06-28,1.0797347831962028,1.1111334068251606,1.0862140420042439,1.215410227431716
2023-06-29,1.091412364983312,1.157505607049972,1.0868313008375128,1.2098868681288288
2023-06-30,1.096679378571051,1.1756947082607216,1.0845678509998713,1.1988399251285191
2023-07-03,1.116654164948004,1.2056767016706575,1.1002057864342207,1.2250759098665491
2023-07-04,1.1293399681706604,1.2324605905748118,1.1045267238538452,1.2192764330872885
2023-07-05,1.1340294640202697,1.2340597058495075,1.1121399176954732,1.2245235627165336
2023-07-06,1.128441390289801,1.2136718999133072,1.1164608551150976,1.2115437973816074
2023-07-07,1.101370784821051,1.193483999141895,1.0804526246624229,1.1850319195617396
2023-07-10,1.0788212181706602,1.1631023214459923,1.0602880407262731,1.1645952994057023
2023-07-11,1.067659407867926,1.1391167267180438,1.0567900732220936,1.1554818519236165
2023-07-12,1.0653580254216368,1.143114199795759,1.0495884899249293,1.1546534994944953
2023-07-13,1.0652104698796447,1.1359184961686524,1.0545267489711934,1.156862888094557
2023-07-14,1.0435212181706601,1.1117329962759155,1.0314814563641332,1.159348281973725
2023-07-18,1.0460395744939024,1.1165300900127832,1.032716036824042,1.1654239884266273
2023-07-19,1.081237807526129,1.2022786920000876,1.036419778203768,1.203258814525911
2023-07-20,1.0872246361394102,1.2188688039797513,1.035596682701582,1.194697601996573
2023-07-21,1.0922181847233947,1.208474995846863,1.0524691358024691,1.2096105262579193
2023-07-24,1.1219350792546448,1.246851997829025,1.0802469135802468,1.231980080945841
2023-07-25,1.1525169212956603,1.3292025901457594,1.0777777526604295,1.237503440248728
2023-07-26,1.158157534088629,1.3128123833308838,1.1002057864342207,1.2247999045874434
2023-07-27,1.1631231712956602,1.2742354761839338,1.1374485345534335,1.2201048977136777
2023-07-28,1.140601186432379,1.2362582845313483,1.1228395312901878,1.2151338855608063
2023-07-31,1.1653155968327698,1.2452528825543292,1.162551440329218,1.2463407702544398
2023-08-01,1.2104700401921447,1.2908255881635975,1.213991769547325,1.268157865595078
2023-08-02,1.1705324791569884,1.2618429945339928,1.1602881160783178,1.2502070881072804
2023-08-03,1.1728889916081604,1.242654493542912,1.1786007979279192,1.2239713277637863
2023-08-04,1.1754897728581604,1.2550471012364626,1.1744855715904707,1.216514697337211
2023-08-07,1.1579326744694884,1.239256483872342,1.153086469987783,1.2151338855608063
2023-08-08,1.1747031456608947,1.2524485861814358,1.1748971193415638,1.2297709167403148
2023-08-09,1.1703576927800352,1.231861001124057,1.1816872176810056,1.2181716265899896
2023-08-10,1.183799886383551,1.2472516821149917,1.1956789621109825,1.2896989556566103
2023-08-14,1.1770940025944885,1.213471994748519,1.2076132189589763,1.2380558995960114
2023-08-15,1.1938103600163634,1.216870004419089,1.2364198033211162,1.2435790345043625
2023-08-16,1.1975071068425354,1.1968818827688554,1.257818904923804,1.21955266276093
2023-08-17,1.1839382591862853,1.178892686722894,1.2454732259114583,1.2247999045874434
2023-08-18,1.1557813255925353,1.170098119908311,1.199176929615162,1.2206572448636932
2023-08-21,1.1541393591853957,1.1686989097984033,1.2489711934156378,1.2228665212664873
2023-08-22,1.1541393591853957,1.1948832092518027,1.2576131938416282,1.2410936406251947
2023-08-23,1.1541393591853957,1.2092744904624062,1.2611111613458077,1.260425342086665
2023-08-24,1.1541393591853957,1.196082514196922,1.2547324851707176,1.2565589120365566
2023-08-25,1.1541393591853957,1.1952828935377693,1.2518519020865484,1.2466169999280816
2023-08-28,1.1541393591853957,1.2130723104625523,1.271399227189429,1.2822424374273031
2023-08-29,1.1541393591853957,1.2324605905748118,1.3388889140062372,1.274785919197996
2023-08-30,1.1541393591853957,1.2316610959592686,1.3129629127282665,1.2844518260273652
2023-08-31,1.1541393591853957,1.2408555991470376,1.316872427983539,1.298812515335964
2023-09-01,1.1541393591853957,1.2342596110142956,1.3115226839795524,1.3035074100124617
2023-09-04,1.1541393591853957,1.2792326011291995,1.2981481983828447,1.3349902999852012
2023-09-05,1.1541393591853957,1.2652410042045628,1.300205811551569,1.3441039718618228
2023-09-06,1.1541393591853957,1.2904257778340213,1.2880658436213992,1.3697874972525694
2023-09-07,1.1541393591853957,1.2686388878315231,1.2757201646090535,1.3617785196759788
2023-09-08,1.1541393591853957,1.2462522823346605,1.2969135551295654,1.3675778842579716
2023-09-11,1.1541393591853957,1.2578452693690585,1.3055555555555556,1.3678541139316134
2023-09-12,1.1541393591853957,1.29282438772426,1.3224280086564428,1.3916044803959398
2023-09-13,1.1541393591853957,1.2832300742069147,1.3442386580102237,1.3976801868488422
2023-09-14,1.1541393591853957,1.3152109932211227,1.383333308215985,1.4465616193566317
2023-09-15,1.1541393591853957,1.3533879639948867,1.433127572016461,1.4501519319303664
2023-09-19,1.1541393591853957,1.4193484755403551,1.4380658938560957,1.493233887658895
2023-09-20,1.1541393591853957,1.3781733054255976,1.412139892578125,1.474730650823814
2023-09-21,1.1541393591853957,1.3843693571851539,1.4837448057323817,1.4545705969332223
2023-09-22,1.1541393591853957,1.3741755802606632,1.4471193164464378,1.4512565140331293
2023-09-25,1.1541393591853957,1.3835699886132202,1.4526748971193415,1.4509803965567556
2023-09-26,1.1541393591853957,1.3563861633358802,1.4528806082015175,1.4476665380511986
2023-09-27,1.1370832260977184,1.3451929866310586,1.4222222473395705,1.451532743706771
2023-09-28,1.1391678274741563,1.3731843733149545,1.419958797501929,1.4578510206529365
2023-09-29,1.1070798208823596,1.3296869757373615,1.37613166212545,1.4169924781829608
2023-10-02,1.0875221853843127,1.3351241189236582,1.337448559670782,1.4224683780415137
2023-10-03,1.03971864534525,1.2688713122475819,1.2674897119341564,1.3858220576014042
2023-10-04,0.9792275951508121,1.1893277111161136,1.191358024691358,1.3095807603227376
2023-10-05,0.9777985763542862,1.2203397329035077,1.2226337699733154,1.3491757371612947
2023-10-06,0.9777985763542862,1.2219506962775037,1.2263374485596708,1.3634972696233862
2023-10-10,0.9777985763542862,1.256788771833589,1.2674897119341564,1.3976162344061225
2023-10-11,0.9777985763542862,1.2712879463739901,1.309259234141911,1.4110953897806016
2023-10-12,0.9777985763542862,1.2878007936209834,1.3115226839795524,1.4468993331330986
2023-10-13,0.9777985763542862,1.252962718064898,1.315637910317001,1.417413666726767
2023-10-16,0.9777985763542862,1.241484178627995,1.2965020073784723,1.4009859671511082
2023-10-17,0.9777985763542862,1.253768136730091,1.31625516915027,1.4178348552705733
2023-10-18,0.9777985763542862,1.2690728559792945,1.3226337197386189,1.4110953897806016
2023-10-19,0.9777985763542862,1.236852580150501,1.3261316872427984,1.3896130910874642
2023-10-20,0.9777985763542862,1.210069573551614,1.309053523059735,1.3748702578842984
2023-10-23,0.9777985763542862,1.201611795261819,1.3053498444733795,1.3584425583086397
2023-10-24,0.9777985763542862,1.1979870331376212,1.287242748119213,1.3538090355376993
2023-10-25,0.9777985763542862,1.1987924518028144,1.2977366506317516,1.3651821359958791
2023-10-26,0.9777985763542862,1.1766410436814212,1.3137860082304527,1.3428572358205935
2023-10-27,0.9777985763542862,1.194563562657917,1.3253085917406122,1.3436998373027418
2023-10-30,0.9777985763542862,1.1407961317720396,1.3176955234857253,1.2868347838009135
2023-10-31,0.9777985763542862,1.142608638877748,1.3106995884773662,1.2691434063965683
2023-11-01,0.9777985763542862,1.2012089598856128,1.32427978515625,1.3213750493247238
2023-11-02,0.9777985763542862,1.1981883247821148,1.3888888888888888,1.325165970613516
2023-11-06,0.9777985763542862,1.2223535316537097,1.4209876040862912,1.3656033245396855
2023-11-07,0.9777985763542862,1.2310126015879983,1.3656378851996527,1.3597062361373262
2023-11-08,0.9777985763542862,1.232019563984904,1.3216049131542567,1.3546516370198476
2023-11-09,0.9777985763542862,1.279745724663785,1.345267464594586,1.3934040123762563
2023-11-10,0.9777985763542862,1.2227562409863064,1.3504114975163966,1.3361176581333538
2023-11-13,0.9777985763542862,1.175634207328125,1.3627571765287423,1.3171627150975898
2023-11-14,0.9777985763542862,1.1967786530526123,1.367078239535108,1.3474907585915339
2023-11-15,0.9777985763542862,1.1931538909284145,1.3580246913580247,1.3500181142489072
2023-11-16,0.9777985763542862,1.2257768760898045,1.3432098514258617,1.357178880479953
2023-11-17,0.9777985763542862,1.2406786339191924,1.3621399176954732,1.3698156587668195
2023-11-20,0.9777985763542862,1.2006049589085228,1.3701646592881944,1.3180052043824702
2023-11-21,0.9777985763542862,1.1784535507871297,1.3353909465020577,1.2889409509144807
2023-11-22,0.9777985763542862,1.1762383343488247,1.3417694970904064,1.2994714498905122
2023-11-24,0.9777985763542862,1.2012089598856128,1.3304526246624229,1.3226386149561427
2023-11-27,0.9660556586939643,1.1784535507871297,1.3166667169013633,1.3019986933506178
2023-11-28,0.9613868774640693,1.1806686411818252,1.3104938773951904,1.285571105972227
2023-11-29,0.9485582275617256,1.1579131060397325,1.292592617709941,1.2678797285678816
2023-11-30,0.9531655884015693,1.173821826266026,1.2981481983828447,1.2712494613128673
2023-12-01,0.9634466186750068,1.1810713505144217,1.3139917193126287,1.2885195379761385
2023-12-04,0.9623899658429755,1.1424070951460354,1.3271604938271604,1.2544005731934025
2023-12-05,0.9589819946515693,1.1486499090847444,1.3174896868168082,1.2607189623368358
2023-12-06,1.0156618530500068,1.1712039004951245,1.4238683127572016,1.2864133708625716
2023-12-07,1.0838185180890694,1.150059454770637,1.5740740740740742,1.2607189623368358
2023-12-08,1.0910418701398505,1.1289148830025404,1.6004114975163966,1.2282847517293245
2023-12-11,1.2109567749250068,1.1575103967071358,1.8345678509998713,1.259033983767075
2023-12-12,1.1502699585187568,1.1448237292724435,1.7154321238827803,1.2447124513049832
2023-12-13,1.1322033081281317,1.1397892954187434,1.6808642477655606,1.2375516850739374
2023-12-14,1.0800815185773505,1.0769598331787618,1.5999999497653035,1.1756319202573626
2023-12-15,1.0600557739484442,1.1085759819868557,1.5471193917984825,1.1996416868051414
2023-12-18,1.0455812744367254,1.124887411545746,1.5139917444299769,1.2000627631516796
2023-12-19,1.0467397705304755,1.1355604062738458,1.5102880658436213,1.217754252753293
2023-12-20,1.0452094970929755,1.1665723020176304,1.493415612742734,1.2514520289922229
2023-12-21,1.0375679077375068,1.1319355181060384,1.492798353909465,1.2148057085521133
2023-12-22,1.0493044800031317,1.138379623689241,1.514814839932163,1.2185967420381734
2023-12-25,1.0411640993747757,1.1289148830025404,1.4981480979134516,1.2185967420381734
2023-12-26,1.0440863405857133,1.109582818340152,1.5084361637570731,1.2156480856397258
2023-12-27,1.0478148195896195,1.1134089981524529,1.5123456790123457,1.2240726418967263
2023-12-28,1.0486778628025102,1.1109924900696542,1.5158436465165253,1.221545286239353
2023-12-29,1.0534746950779008,1.1160269239233545,1.5195473251028806,1.235024441613832
2024-01-04,1.0749240847263384,1.1349561532095367,1.5534979423868314,1.261140150880642
2024-01-05,1.084034326425557,1.1424070951460354,1.559670781893004,1.2889409509144807
2024-01-09,1.1032550905857132,1.140594840127546,1.6090534979423867,1.278410227543913
2024-01-10,1.104449676767354,1.1474415289997355,1.6043210127716692,1.2918892707211245
2024-01-11,1.1275571657810257,1.170599773474425,1.639917695473251,1.3213750493247238
2024-01-12,1.1226444094333696,1.1512677088120364,1.632921760464892,1.3171627150975898
2024-01-15,1.1341758181247759,1.15146900045653,1.6590534728250386,1.3175839036413959
2024-01-16,1.1715632509861038,1.146837401979036,1.7460904847447274,1.3154778487250969
2024-01-17,1.1382903872165726,1.1355604062738458,1.6670782144177598,1.3239024049820973
2024-01-18,1.1345842837009477,1.1522746712089422,1.647325052645962,1.3428572358205935
2024-01-19,1.1151645571384476,1.1494553277499375,1.6061727892714763,1.3369601474182342
2024-01-22,1.1352187868747758,1.1754329156836316,1.639506147722158,1.3563365033923405
2024-01-23,1.1269503786716508,1.1635516669141324,1.6273663053787295,1.3453847036752347
2024-01-24,1.1150138552341509,1.150059454770637,1.6057613671071245,1.3369601474182342
2024-01-25,1.1229637453708696,1.1595240694137283,1.6201646592881944,1.342436159474055
2024-01-26,1.0948325445179556,1.1285122997135533,1.5559671033066487,1.3340117154143227
2024-01-29,1.1265658941273307,1.1611350327877241,1.594444494679141,1.38540075686033
2024-01-30,1.1249313482288932,1.1591213600811316,1.602263399602945,1.3710792243982384
2024-01-31,1.145810046959362,1.1848975303267226,1.6220164357880016,1.411516578324408
2024-02-01,1.1102458745960808,1.1792589694523228,1.5524691358024691,1.38540075686033
2024-02-02,1.1187536382679557,1.1627462482489392,1.5810700090824332,1.3773975013444038
2024-02-05,1.1596898687367057,1.2012089598856128,1.6520576634034208,1.4182561560116473
2024-02-06,1.1321521490101432,1.2026186316151153,1.5759259761606224,1.4245744329578127
2024-02-07,1.1351141363148307,1.2366511624623981,1.5697531366544495,1.4410021325334714
2024-02-08,1.1280560186390496,1.2594068236481004,1.5349794238683128,1.460799677051384
2024-02-09,1.1179893316273308,1.1138117074850493,1.5306584864486883,1.4351050441311124
2024-02-13,1.1440114019398306,1.1269010842523384,1.5866254641685957,1.4481630109617853
2024-02-14,1.120619666099987,1.1029374211124559,1.5473251028806585,1.4233107551291262
2024-02-15,1.1339788091663932,1.107770437278053,1.559053523059735,1.4502689536808164
2024-02-16,1.1587655523304556,1.1220681941303507,1.6012345930185827,1.475963698798356
2024-02-19,1.165205750084362,1.136365824939039,1.623456790123457,1.4692241211111166
2024-02-20,1.1711056280140495,1.1401920047513399,1.6358024691358024,1.4725938538561023
2024-02-21,1.158270593834362,1.140594840127546,1.603497917269483,1.471751252373954
2024-02-22,1.1831867315296745,1.1472402373552422,1.630452725131816,1.5159796397861833
2024-02-26,1.1981596441273308,1.1546911792917407,1.6792180567611883,1.5037643866349268
2024-02-27,1.1771823858265495,1.160531031810634,1.6312756950472609,1.496603620403881
2024-02-28,1.2219349248890494,1.18409198561792,1.7481480979134516,1.494497453290314
2024-02-29,1.1924547369007683,1.1857029489919158,1.6666666666666667,1.5012370309775536
2024-03-01,1.1916366216663932,1.1961746520755223,1.6479424370659723,1.521034463298198
2024-03-04,1.180469177818737,1.1836892762853235,1.6209876292036394,1.5189284083818988
2024-03-05,1.1665917974476432,1.1649613386436346,1.5884773662551441,1.5151373748958388
2024-03-06,1.1778986944202996,1.175231371951919,1.6016461407696758,1.534092317931603
2024-03-07,1.1707429815296746,1.1190475590268525,1.631687242798354,1.4763847751448944
2024-03-08,1.1851401372913932,1.11260345344365,1.6598765683272247,1.486915274120926
2024-03-11,1.160621228599987,1.06870347257707,1.625102855541088,1.453217610079264
2024-03-12,1.158941248131237,1.0910561723429566,1.6207819181214635,1.453217610079264
2024-03-13,1.1714035284046744,1.1101869453608515,1.647530889314879,1.4595358870254294
2024-03-14,1.2200455327992057,1.1349561532095367,1.7588477115081662,1.475963698798356
2024-03-15,1.3175522222523308,1.1712039004951245,1.9880658687387474,1.5016582195213597
2024-03-18,1.2209109502796744,1.2189300611740055,1.7055556057902521,1.5420955734475292
2024-03-19,1.2135625738148308,1.2197356058828082,1.6629629880803112,1.5703175620251741
2024-03-21,1.260071863365612,1.251754337979889,1.7641975810988941,1.5922210492621178
2024-03-22,1.2810535284046745,1.2938420638279797,1.7958847485452032,1.6187581714672699
2024-03-25,1.2652871343617058,1.266454930208393,1.7853909716194059,1.582954115917505
2024-03-26,1.2858820928577994,1.216513553091207,1.8376542707529577,1.5837966052023853
2024-03-27,1.2926716558460807,1.215104007405314,1.8423868815104167,1.5989606269493575
2024-03-28,1.3121749273304557,1.2332768489904284,1.889300436639982,1.6028309839038433
2024-03-29,1.3396372198109245,1.2535147890748424,1.9382716049382716,1.628634672568542
2024-04-01,1.2954053228382683,1.2345158576725643,1.8555555304382072,1.5916496285765545
2024-04-02,1.296480115318737,1.2142779175881504,1.8633744353620114,1.5856287865876693
2024-04-03,1.3083096929554558,1.2072565322730882,1.903909439903228,1.5735869904126312
2024-04-04,1.3834037847523308,1.2072565322730882,2.0833333333333335,1.589929195670128
2024-04-05,1.3325541631702995,1.192594383345505,1.9619341563786008,1.578747728145571
2024-04-08,1.3704149175648308,1.2045719294327206,2.039094650205761,1.6028309839038433
2024-04-09,1.415791248131237,1.2202667536535632,2.139917695473251,1.621753614126444
2024-04-10,1.4427242437367058,1.230592246150061,2.2160493827160495,1.6135826236949635
2024-04-11,1.4382819952015495,1.2099412611570652,2.20679012345679,1.6110021987298595
2024-04-12,1.4191664190296744,1.2219188072442808,2.153292181069959,1.6161628242655315
2024-04-15,1.4626323736195181,1.2111802698392011,2.27880658436214,1.5998207312053028
2024-04-16,1.4054374639515494,1.1954855716619681,2.1656378600823047,1.5593950457949979
2024-04-17,1.3644400640492058,1.1698782998532096,2.0771604938271606,1.5391823713857473
2024-04-18,1.369317078209362,1.177106144600758,2.0925925925925926,1.5357418421646982
2024-04-19,1.3565084722523308,1.1593463479242256,2.087448559670782,1.5026271551271964
2024-04-22,1.3783481573109244,1.1366302644319304,2.124485596707819,1.5254203666988186
2024-04-23,1.3634214849476431,1.1384887774551342,2.0925925925925926,1.517679316198043
2024-04-24,1.3660875068004001,1.1484012250430502,2.080246913580247,1.5391823713857473
2024-04-25,1.3314752143199313,1.1289893747758,2.01440329218107,1.501767163068519
2024-04-26,1.3342785773570407,1.133739076115467,2.0189300662696117,1.5056377444175408
2024-04-30,1.3556741523082125,1.2012678222512851,2.03106990861304,1.5585349415390526
2024-05-01,1.322126032191025,1.1963115354355223,1.9526748971193415,1.5374621628738567
2024-05-02,1.320376546279654,1.197757129593754,2.0016460654176313,1.533591469327567
2024-05-07,1.320376546279654,1.197757129593754,2.022428033773791,1.5254203666988186
2024-05-08,1.320376546279654,1.1795842880086396,1.991769547325103,1.5052075800923002
2024-05-09,1.320376546279654,1.1905292848462055,1.9584361888744213,1.5034873715804096
2024-05-10,1.320376546279654,1.1397279121808797,1.9670781893004115,1.4935959482425027
2024-05-13,1.320376546279654,1.1521185031766772,1.9376543461050026,1.51036831782524
2024-05-14,1.320376546279654,1.182062431416521,1.9283950868457433,1.501767163068519
2024-05-15,1.320376546279654,1.172975947602159,1.9166666666666667,1.5056377444175408
2024-05-16,1.320376546279654,1.1461296671112644,1.9238683127572016,1.4695126924842303
2024-05-17,1.320376546279654,1.1401408310458518,1.9588477366255144,1.4854248456137544
2024-05-20,1.320376546279654,1.1562487001752761,2.006172839506173,1.52241000180301
2024-05-21,1.320376546279654,1.1496403597687956,2.064814814814815,1.5013371109405462
2024-05-22,1.320376546279654,1.1415864252040835,2.0325102629484952,1.4862849498696997
2024-05-23,1.320376546279654,1.1510859539270273,2.0312757452819574,1.4892955391600442
2024-05-24,1.320376546279654,1.1409669208630155,2.014197581098894,1.4914457997999073
2024-05-27,1.3160159710869574,1.1548031060170447,1.9979423868312758,1.5009070588125737
2024-05-28,1.3533146360971455,1.1626504551056611,2.0792181069958846,1.5043475880336228
2024-05-29,1.27321238389988,1.144684072953033,1.9059670530719521,1.4966064253355793
2024-05-30,1.2713846627306513,1.1364236789558346,1.8220164609053497,1.488435322706831
2024-05-31,1.2713846627306513,1.1531510524263269,1.9333332830986367,1.5219799496750375
2024-06-03,1.2713846627306513,1.1758671359186221,1.9111110859937628,1.5185395326512563
2024-06-04,1.2713846627306513,1.1498468192012818,1.904320987654321,1.4845647413578091
2024-06-05,1.2713846627306513,1.115359649054257,1.89691363048161,1.4346777969348379
2024-06-06,1.2713846627306513,1.1006975001266739,1.920370345253022,1.4437091160167996
2024-06-07,1.2713846627306513,1.0980128972863064,1.905555505320859,1.4342477448068653
2024-06-10,1.2713846627306513,1.125685141550755,1.8981481481481481,1.4690827525535257
2024-06-11,1.2713846627306513,1.1263047719354324,1.8567901736914867,1.4690827525535257
2024-06-12,1.2713846627306513,1.1260981864593367,1.8405349794238683,1.4690827525535257
2024-06-13,1.2713846627306513,1.1052407420338548,1.7679012596852495,1.4488697415524714
2024-06-14,1.2713846627306513,1.1066863361920865,1.802674846884645,1.4583311127624055
2024-06-17,1.2713846627306513,1.0734381747271975,1.7592592592592593,1.4127449140136967
2024-06-18,1.2713846627306513,1.0945022046287751,1.787037037037037,1.4363981176439966
2024-06-19,1.2713846627306513,1.1217615300282515,1.7825102629484955,1.4458594888539307
2024-06-20,1.2713846627306513,1.1225874938018054,1.7458847736625513,1.4308073277830842
2024-06-21,1.2713846627306513,1.1213484851196696,1.73559670781893,1.4277970750845435
2024-06-24,1.2713846627306513,1.1145336852807028,1.7611111613458077,1.4518803308428159
2024-06-25,1.2713846627306513,1.1306414283665176,1.7773662300266846,1.4880052705788582
2024-06-26,1.2713846627306513,1.119696431528952,1.787037037037037,1.4776837951129786
2024-06-27,1.2713846627306513,1.1289893747758,1.786008230452675,1.4729531095080115
2024-06-28,1.2713846627306513,1.1273373211850821,1.7823045518663194,1.4794040036248692
2024-07-01,1.2713846627306513,1.1407604614305293,1.763168774514532,1.5142388991742617
2024-07-02,1.2713846627306513,1.1304349689340316,1.7629629378456146,1.4923057918585847
2024-07-03,1.2713846627306513,1.1415864252040835,1.7590535481770833,1.4953162689516613
2024-07-04,1.2713846627306513,1.192594383345505,1.7662551942676183,1.5404724155723974
2024-07-05,1.2713846627306513,1.1605853566063615,1.7306583859792952,1.490585583346694
2024-07-08,1.2713846627306513,1.1574877088574123,1.7026748971193415,1.4622016941114273
2024-07-09,1.2713846627306513,1.1477817207019823,1.7065844123746141,1.4634919626926133
2024-07-10,1.2713846627306513,1.13766281368158,1.7014403794528035,1.464782119076531
2024-07-11,1.2713846627306513,1.1597592667891978,1.7072016712078832,1.4824144807179458
2024-07-12,1.2713846627306513,1.1490208554277277,1.705967027954604,1.465212059007236
2024-07-16,1.2713846627306513,1.1432384787948013,1.6950617032777135,1.466502215391154
2024-07-17,1.2713846627306513,1.1519119177005814,1.6748971193415638,1.475963586601088
2024-07-18,1.2713846627306513,1.1254786821182687,1.6890947004404577,1.432097484167002
2024-07-19,1.2713846627306513,1.1157726939628387,1.6390945999710649,1.4316675442362974
2024-07-22,1.2713846627306513,1.104827697125273,1.6421810197241513,1.4372583340972098
2024-07-23,1.2585523082787153,1.114327099804607,1.6150206263663838,1.4398386468650457
2024-07-24,1.2227547618919965,1.0767424079522425,1.5648148148148149,1.4019934986171125
2024-07-25,1.1844836193138715,1.0015727721602943,1.5246913580246915,1.3632881339159664
2024-07-26,1.1828582721352079,0.962748945582184,1.4775719662262088,1.3594175525669445
2024-07-29,1.1828582721352079,0.9840194349162478,1.5349794238683128,1.3955424923029869
2024-07-30,1.1828582721352079,0.9873236051194881,1.5327160996174125,1.4071541241527845
2024-07-31,1.1828582721352079,1.0040509155681756,1.538683102454668,1.4166153831654507
2024-08-01,1.1828582721352079,0.9809217871672984,1.4742798353909465,1.3546867547647095
2024-08-02,1.1828582721352079,0.9129800591447034,1.389300436639982,1.3091006682132686
2024-08-05,1.1828582721352079,0.7808137551895306,1.183539119767554,1.076438427878418
2024-08-06,1.1828582721352079,0.8508205817114252,1.2545267740885417,1.2347004159040524
2024-08-07,1.1828582721352079,0.8718846116130028,1.3434156880947787,1.2239487761129324
2024-08-08,1.1828582721352079,0.851853130961075,1.3403292683416923,1.223088784054255
2024-08-09,1.1828582721352079,0.8471034296214078,1.2934155876253859,1.2213684633450965
2024-08-13,1.1828582721352079,0.8627981277986408,1.3179012345679013,1.2510425089642812
2024-08-14,1.1828582721352079,0.8793189157930374,1.3625514654465665,1.2944785592703947
2024-08-15,1.1828582721352079,0.8999699007860331,1.389917695473251,1.3301734468784645
2024-08-16,1.1828582721352079,0.914838635189712,1.4286007979279192,1.362427917462753
2024-08-19,1.1828582721352079,0.9024480441939146,1.4146090534979423,1.3482359728451196
2024-08-20,1.1828582721352079,0.9247510827776281,1.4732510288065843,1.3572672919270812
2024-08-21,1.1828582721352079,0.9115344649864717,1.42572021484375,1.3435052872401525
2024-08-22,1.1828582721352079,0.9043066202389233,1.418518568753215,1.3383446617044807
2024-08-23,1.1828582721352079,0.9125670142361215,1.4006173090679654,1.3572672919270812
2024-08-26,1.1828582721352079,0.8733301427494295,1.3903292432243441,1.3194219192846122
2024-08-27,1.1828582721352079,0.8890249039484673,1.3930041152263375,1.3426451829842072
2024-08-28,1.1828582721352079,0.8832426533591504,1.3921810197241513,1.3521065541941415
2024-08-29,1.1828582721352079,0.8677544146144036,1.38827163005562,1.3615677010095397
2024-08-30,1.1828582721352079,0.8786994114519694,1.4296296045122814,1.3658684466838023
2024-09-02,1.1828582721352079,0.8834491127916365,1.4364197028517232,1.3847909647091348
2024-09-03,1.1828582721352079,0.8871663279034586,1.4578189300411524,1.3800603913014355
2024-09-04,1.1828582721352079,0.8539182294603745,1.3578189802758487,1.315981614458099
2024-09-05,1.1828582721352079,0.8594940206172053,1.3578189802758487,1.323292500633634
2024-09-06,1.1828582721352079,0.8570158772093239,1.39691363048161,1.3138312416209679
2024-09-09,1.1828582721352079,0.8427667101685178,1.3504114975163966,1.2979189762941759
2024-09-10,1.1828582721352079,0.8312021459680792,1.3269547827449846,1.2785664061408706
2024-09-11,1.1828582721352079,0.8014647401825262,1.285802519370499,1.2398610414397244
2024-09-12,1.1828582721352079,0.8134422862697419,1.324691332907343,1.2845872481297558
2024-09-13,1.1828582721352079,0.8070404683175523,1.3133744604793596,1.2660946700351279
2024-09-17,1.1828582721352079,0.7903132208906695,1.3028806835535622,1.2531928818014124
2024-09-18,1.1828582721352079,0.8049753698182527,1.3271604938271604,1.2845872481297558
2024-09-19,1.1828582721352079,0.8303761191727204,1.3434156880947787,1.3275931341106286
2024-09-20,1.1828582721352079,0.8382234682613368,1.3483538843476723,1.3387747138324533
2024-09-24,1.1828582721352079,0.8332672444673788,1.3890945999710649,1.3426451829842072
2024-09-25,1.1828582721352079,0.8487554832121256,1.374279885625643,1.3546867547647095
2024-09-26,1.1828582721352079,0.8539182294603745,1.4131686991624872,1.389091710383397
2024-09-27,1.1828582721352079,0.8840686801545093,1.4436213489422582,1.4246755226962171
2024-09-30,1.1828582721352079,0.8312021459680792,1.3104938773951904,1.3245134313032396
2024-10-01,1.1828582721352079,0.846070880371758,1.3440329469280479,1.3548256549824058
2024-10-02,1.1828582721352079,0.8433862145095857,1.3337448810844263,1.3548256549824058
2024-10-03,1.1828582721352079,0.8615591191165048,1.374897144458912,1.3745944769997285
2024-10-04,1.1828582721352079,0.8555702830510923,1.4148147645801183,1.378108944220343
2024-10-07,1.1828582721352079,0.8691999457508305,1.4102881160783178,1.4075425510943553
2024-10-08,1.1828582721352079,0.8256263548112485,1.3681070461194702,1.3759123461088247
2024-10-09,1.1828582721352079,0.8159204296776233,1.352674947354038,1.3644904398390956
2024-10-10,1.1828582721352079,0.8256263548112485,1.3434156880947787,1.3829413927473218
2024-10-11,1.1828582721352079,0.8183985100636999,1.34506175351241,1.3688834116675959
2024-10-15,1.1828582721352079,0.817779005722632,1.316872427983539,1.3592187390081738
2024-10-16,1.1828582721352079,0.8103446385207925,1.3139917193126287,1.3469181037360232
2024-10-17,1.1828582721352079,0.8204636085629995,1.3641975308641976,1.3486753373463305
2024-10-18,1.1828582721352079,0.8167464564729822,1.3213992020720808,1.3469181037360232
2024-10-21,1.1597048322896526,0.8241808236748216,1.279012295444316,1.340328533796005
2024-10-22,1.1520688528814937,0.8204636085629995,1.2697530361850566,1.32890640313174
2024-10-23,1.148051268652978,0.8332672444673788,1.2520576131687242,1.3583401222030203
2024-10-24,1.134273161963525,0.8202571491305134,1.235390996736754,1.349993206455427
2024-10-25,1.1239336020270017,0.8175724832683411,1.221399126720036,1.335935337572969
2024-10-28,1.1628025931158688,0.8462773398042442,1.266049357598701,1.389970214991283
2024-10-29,1.1645338187018062,0.8491685281207074,1.2674897119341564,1.391727560798858
2024-10-30,1.1916424734869624,0.8452447905545944,1.3166667169013633,1.3860164954667256
2024-10-31,1.1701605765143062,0.8491685281207074,1.2814814563641332,1.368444159363653
2024-11-01,1.1673782522955563,0.8305826416270112,1.2899177457079476,1.3390105524896405
2024-11-05,1.1697434531012203,0.8464838622585351,1.288683102454668,1.3319816180484116
2024-11-06,1.1596253348150876,0.8285175431277116,1.294855941960841,1.2458772833406242
2024-11-07,1.1625365469732907,0.846690384712826,1.2919753588766718,1.2476344047536636
2024-11-08,1.1298961600104,0.7954759671389184,1.2635801966788838,1.213807713853883
2024-11-11,1.1094049826422359,0.7611953194461846,1.243004064991641,1.2120505924408438
2024-11-12,1.1182673758307125,0.8586679308000417,1.2170781893004115,1.2155650596614582
2024-11-13,1.0895751822271968,0.8549507787100243,1.1790123456790123,1.1641660326586052
2024-11-14,1.0786762137213375,0.8471034296214078,1.1639917946646734,1.161969434547087
2024-11-15,1.1084783682623531,0.8848947069498682,1.1946501555266205,1.1874493218965423
2024-11-18,1.1143943411627437,0.8865467605405859,1.2024691860371657,1.1962353777508106
2024-11-19,1.1147214737200117,0.88530775185845,1.204732510288066,1.225229844518148
2024-11-20,1.0902714279436445,0.8661022980018811,1.177160443592464,1.1988712281662715
2024-11-21,1.0702914627336837,0.8508205817114252,1.154320987654321,1.1821776210656205
2024-11-22,1.062521437098918,0.8390494950566957,1.1497942135657793,1.197114106753232
2024-11-25,1.0691814865373945,0.8402885667606363,1.1602881160783178,1.1935996395326176
2024-11-26,1.0358214828752852,0.8097251341797246,1.1259259510432742,1.1711948549025661
2024-11-27,1.0109214920305587,0.7713142894883915,1.1119342066132973,1.1356110425897463
2024-11-28,1.010019795507029,0.7721403162837503,1.1152263374485596,1.1413218835273429
2024-11-29,0.9695197955070289,0.7411638387942567,1.1032922061873072,1.1347323135873248
2024-12-02,0.9680659273061812,0.7442614865432061,1.1158435962818287,1.1439577339428038
2024-12-03,0.9680659273061812,0.7500438001543278,1.0979423365965792,1.16021220093678
2024-12-04,0.9680659273061812,0.7229909972091424,1.096090560096772,1.134293061283382
2024-12-05,0.9680659273061812,0.7393052627492481,1.0707819432388117,1.1277033791460958
2024-12-06,0.9680659273061812,0.758923698492594,1.0580247164753729,1.1303393417588246
2024-12-09,0.9680659273061812,0.7587171760383031,1.0569959098910109,1.1422006125297646
2024-12-10,0.9680659273061812,0.7558260507436447,1.0421810699588476,1.1549405001058581
2024-12-11,0.9680659273061812,0.7535544297900542,1.0218107121471516,1.147911677861897
2024-12-12,0.9680659273061812,0.7372401642499485,1.0323045518663194,1.1422006125297646
2024-12-13,0.9680659273061812,0.734555561409581,0.9940329343693737,1.136489547197632
2024-12-16,0.9680659273061812,0.7256756000495099,0.9740740615154,1.1312178463667102
2024-12-17,0.9680659273061812,0.6971772659678978,0.9473250903219843,1.1277033791460958
2024-12-18,0.9680659273061812,0.8623851459118638,0.9512345427838863,1.0934374359423724
2024-12-19,0.9680659273061812,0.9185557872797293,0.9141975057468493,1.0719113803147424
2024-12-20,0.9680659273061812,0.914838635189712,0.9146090534979424,1.0802580716678
2024-12-23,0.9680659273061812,0.929294324684809,0.9314815065988298,1.1215531737072884
2024-12-24,0.9680659273061812,0.9850519841658976,0.9522633493682484,1.2586171709167178
2024-12-25,0.9680659273061812,1.0703405269782482,0.9465020576131687,1.2691605725785613
2024-12-26,0.9680659273061812,1.1407604614305293,0.9555555429968814,1.3179237491659535
2024-12-27,0.9680659273061812,1.051548181052066,0.9829218358169367,1.345160757928448
2024-12-30,0.9680659273061812,0.9912472796637963,0.977366255144033,1.3486753373463305
2025-01-06,0.9680659273061812,0.9813348320758802,0.9726337699733153,1.3868951122718791
2025-01-07,0.9680659273061812,0.9904212528684374,0.9576131561656057,1.4092997847046627
2025-01-08,0.9680659273061812,0.9652270259682607,0.9432098639845358,1.400952981154337
2025-01-09,0.9680659273061812,0.9301203514801679,0.9102880532849472,1.3649296921430385
2025-01-10,0.9680659273061812,0.9363156469780667,0.8946501806439686,1.3429643842114658
2025-01-14,0.9680659273061812,0.9084368172375223,0.8691357899104617,1.2994727962577275
2025-01-15,0.9680659273061812,0.9074042679878725,0.8730452423723637,1.2937617309255949
2025-01-16,0.9680659273061812,0.8673413697058218,0.8681069833260996,1.2792647219364621
2025-01-17,0.9680659273061812,0.8772538172937379,0.8679012094505529,1.2827791891570766
2025-01-20,0.9680659273061812,0.8729171608626526,0.8810699839650848,1.3021086466731884
2025-01-21,0.9597848425651819,0.8836556352459275,0.8697531115371013,1.2985941794525737
2025-01-22,0.9618861518512778,0.8840686801545093,0.8713991769547325,1.3069410952001672
2025-01-23,0.9526685248981528,0.8923290741517076,0.8580246913580247,1.3104555624207816
2025-01-24,0.9656110600781868,0.8704390174547711,0.8777777903364519,1.2994727962577275
2025-01-27,0.9666327733350227,0.8727106384083616,0.8769547576276363,1.3130914128362425
2025-01-28,0.950214783222718,0.8590809757086235,0.8592592718179334,1.3086982166132066
2025-01-29,0.9542378178906868,0.8588744532543325,0.8650205635730132,1.3021086466731884
2025-01-30,0.9620798833203743,0.8710585217958391,0.8736625639990033,1.297715674844688
2025-01-31,0.9370732671094368,0.8834491127916365,0.841769559883777,1.2990335439537846
2025-02-03,0.9042226079297493,0.8336802893759606,0.8201646216121721,1.2054610225008255
2025-02-04,0.912838693745179,0.8398755848738594,0.8281893004115226,1.218200910076919
2025-02-05,0.9164985173535775,0.7989865967746449,0.8242798479496206,1.3179237491659535
2025-02-06,0.9357829137158821,0.8572223996636148,0.8477366255144033,1.265206740856736
2025-02-07,0.9212083409619759,0.9208274082333199,0.823045267489712,1.2621316381373324
2025-02-10,0.9211078496289681,0.9138060859400622,0.8253086545339827,1.2502703673663924
2025-02-12,0.8981115880322884,0.8601135249582733,0.8059671033066487,1.2335766480684736
2025-02-13,0.9066493748975227,0.8572223996636148,0.8131687493971836,1.2599350400258142
2025-02-14,0.908422922260804,0.8791124563605512,0.808641975308642,1.291125992707402
2025-02-17,0.9117234532666634,0.8756017637030201,0.8183127823189943,1.251148984171546
2025-02-18,0.9216820927930306,0.9076107904421635,0.827366267702707,1.2454380310366815
2025-02-19,0.9040676659573228,0.8906769575391851,0.8100823296440972,1.2173221810744976
2025-02-20,0.8977670109391911,0.8654827936608132,0.8065843621399177,1.2006285739738467
2025-02-21,0.9067979984880192,0.9474671662699234,0.8154320736480839,1.2124898447447865
2025-02-25,0.911873099196027,0.8714715667044209,0.8201646216121721,1.2199580314899583
2025-02-26,0.9105778013357269,0.8881988771531084,0.8090535230597351,1.2322586667621092
2025-02-27,0.9105778013357269,0.9206208857790289,0.7711933905205118,1.2388482367021274
2025-02-28,0.9105778013357269,0.8881988771531084,0.7880658436213992,1.2239118632117836
2025-03-03,0.9105778013357269,0.8896444082895353,0.8288065592447916,1.2410448348136454
2025-03-04,0.9105778013357269,0.8681673965011807,0.8251028806584362,1.2133684615499403
2025-03-05,0.9105778013357269,0.8822101041095006,0.8366255269619663,1.2392877134006062
2025-03-06,0.9105778013357269,0.8919160292431257,0.8267489460760674,1.2643282362488504
2025-03-07,0.9105778013357269,0.9076107904421635,0.8333333333333334,1.2572993018076215
2025-03-10,0.9105778013357269,0.8943941726510072,0.8650205635730132,1.2687212080773507
2025-03-11,0.9105778013357269,0.9067847636468046,0.852263399602945,1.2739930211055404
2025-03-12,0.9105778013357269,0.9123604917818307,0.8471193666811343,1.272235675297965
2025-03-13,0.9105778013357269,0.8766343129526699,0.8660493701573753,1.2568599373064107
2025-03-14,0.9105778013357269,0.8917095067888349,0.8948559545195152,1.2739930211055404
2025-03-17,0.9105778013357269,0.8937746052881345,0.9460905098620757,1.2968369458422666
2025-03-18,0.9105778013357269,0.9078173128964544,0.9131686991624871,1.3337388516587187
2025-03-19,0.9105778013357269,0.885927256199518,0.9528806709948882,1.3315423657444687
2025-03-21,0.9105778013357269,0.8735366652037205,0.9530864448704347,1.3205595995814143
2025-03-24,0.9105778013357269,0.8557768055053832,0.9409464769402649,1.3192417304723179
2025-03-25,0.9105778013357269,0.8654827936608132,0.9460905098620757,1.3205595995814143
2025-03-26,0.9105778013357269,0.8623851459118638,0.9362139917695473,1.3117734315298781
2025-03-27,0.9105778013357269,0.8479294564167668,0.9351851851851852,1.2792647219364621
2025-03-28,0.9105778013357269,0.8148878804279736,0.9213991518373843,1.2459785974735644
2025-03-31,0.9105778013357269,0.7820528268934712,0.8841564037181713,1.2077445734949888
2025-04-01,0.9105778013357269,0.7729663430791093,0.889506147722158,1.2099936799278976
2025-04-02,0.9105778013357269,0.7748249821459227,0.8446502057613169,1.2243876918250713
2025-04-03,0.9105778013357269,0.7463265850425057,0.8537036911450295,1.1960494668778519
2025-04-04,0.9105778013357269,0.7052311375108051,0.8364197530864198,1.130826838887977
2025-04-07,0.9105778013357269,0.6393545079875096,0.7740740991914223,1.0840464124194298
2025-04-08,0.9105778013357269,0.6916014748110669,0.8395061728395061,1.155116649816507
2025-04-09,0.9105778013357269,0.6432781825318178,0.8034979423868313,1.118681933423712
2025-04-10,0.9105778013357269,0.7015139854207878,0.8532922061873071,1.2131423840550628
2025-04-11,0.9105778013357269,0.6575273495726239,0.8602880784022955,1.1830049637193305
2025-04-14,0.9105778013357269,0.6482344063257759,0.8551440454804848,1.1870532655407522
2025-04-15,0.9105778013357269,0.6571143676858469,0.8458847862212255,1.2297853901878777
2025-04-16,0.9105778013357269,0.6527776482329568,0.8310699462890625,1.2203393900036499
2025-04-17,0.9105778013357269,0.651745098983307,0.8337448810844265,1.243279804390795
2025-04-18,0.9105778013357269,0.6628966182751638,0.8870370495957112,1.254524999963536
2025-04-21,0.9105778013357269,0.6482344063257759,0.8670781767417374,1.2419302956521427
2025-04-22,0.9105778013357269,0.6486474512343576,0.8769547576276363,1.2468781951678207
2025-04-23,0.9105778013357269,0.6769392628616789,0.8946501806439686,1.2761160178092967
2025-04-24,0.9105778013357269,0.680863000427792,0.8847736625514403,1.28421262145214
2025-04-25,0.9105778013357269,0.6918079972653578,0.8975308893148791,1.2932088227892398
2025-04-28,0.9105778013357269,0.7079157403511727,0.9150206012490355,1.3058036392979009
2025-04-30,0.9105778013357269,0.7052311375108051,0.8973251154393326,1.3071530358392855
2025-05-01,0.9105778013357269,0.7108069286676358,0.8559670781893004,1.317948544762166
2025-05-02,0.9105778013357269,0.7153501075530121,0.8551440454804848,1.335041349742109
2025-05-07,0.9105778013357269,0.6982098152175474,0.8465020450544946,1.3116511365078354
2025-05-08,0.9105778013357269,0.6938730957646574,0.8337448810844265,1.2981568345021857
2025-05-09,0.9105778013357269,0.710393883759054,0.8407407532994149,1.3336919532007243
2025-05-12,0.9105778013357269,0.7153501075530121,0.8619341438199267,1.3390896515635307
2025-05-13,0.9105778013357269,0.7368271193413667,0.8475308516388568,1.352584065766448
2025-05-14,0.9105778013357269,0.7316643730931177,0.8508230452674898,1.3139002429407443
2025-05-15,0.9105778013357269,0.7033725614657964,0.8411522382571374,1.2626216036063793
2025-05-16,0.9105778013357269,0.7374466867042394,0.8341563660421489,1.2648707100392882
2025-05-19,0.9105778013357269,0.7455005582471468,0.8364197530864198,1.269368810707838
2025-05-20,0.9105778013357269,0.7421963880439065,0.8205761065698945,1.2792647219364621
2025-05-21,0.917486658296028,0.7529349254489862,0.8279835265359761,1.2932088227892398
2025-05-22,0.9057140392574905,0.7318708955474087,0.81913581502781,1.2729673136821316
2025-05-23,0.9001768949532153,0.7314579136606316,0.8117283950617284,1.2761160178092967
2025-05-26,0.9019323392891527,0.7295992745938181,0.815843621399177,1.2653205088864163
2025-05-27,0.9189006650948168,0.744674531451788,0.8341563660421489,1.2702684084020943
2025-05-28,0.9110225095772387,0.7421963880439065,0.8222222347808964,1.286461727885049
2025-05-29,0.9125424955391528,0.7863894833245565,0.8076131687242798,1.3458368586649894
2025-05-30,0.9142318845772387,0.7618148237872525,0.8179012345679012,1.320647337844935
2025-06-02,0.8935776395821216,0.7572716449018763,0.7960905224207497,1.2927590239421116
2025-06-03,0.8827462736153247,0.7578911492429443,0.7837448434084041,1.2806141184778466
2025-06-04,0.8828994535469653,0.7500438001543278,0.7855966827015818,1.2792647219364621
2025-06-05,0.8676000822090746,0.7331099672513494,0.7738683253158758,1.245078999779308
2025-06-06,0.8655918790840746,0.7424029104981974,0.7672839380586098,1.2612722070649947
2025-06-09,0.86129615459677,0.7329034447970585,0.7637860333478009,1.2594730116764818
2025-06-10,0.8768961271309497,0.7279472210031004,0.7847736499927662,1.2594730116764818
2025-06-11,0.9015596036934497,0.7527284029946953,0.8102880407262731,1.2707183194464904
2025-06-12,0.9028650785469653,0.7510763494039776,0.8137860082304527,1.25992281052361
2025-06-13,0.9172799009346606,0.7415768837028386,0.8349793987509645,1.2536254022692794
2025-06-16,0.9513529752754809,0.7403378119988979,0.8738683378745499,1.2905100297064707
2025-06-17,0.9780929716133715,0.7316643730931177,0.9098765683272247,1.2905100297064707
2025-06-18,0.9861413842488835,0.744468008997497,0.919135827586484,1.300855627584955
2025-06-19,0.9971401378120819,0.7267081492991597,0.9384773788138182,1.2869115267321771
2025-06-20,0.9803197978462616,0.7163826568026619,0.9172839254999356,1.2806141184778466
2025-06-23,0.9489940776314177,0.7130784865994215,0.8790123707963606,1.2648707100392882
2025-06-24,0.9698619487251677,0.6949056450143072,0.9119341814959491,1.2504766981421143
2025-06-25,0.9463513530220428,0.6971772659678978,0.8790123707963606,1.2527258045750231
2025-06-26,0.9676043620552459,0.7044051107154462,0.911522633744856,1.2414804968050146
2025-06-27,0.98973040270466,0.7262951674123826,0.93086418497219,1.2783650120449377
2025-06-30,1.0260928477730193,0.7231975196634333,0.9878600948632009,1.254524999963536
2025-07-01,1.098236490961496,0.7058506418518731,1.0864197530864197,1.2558745087021883
2025-07-02,1.0856782939400114,0.7075027584643956,1.0623456538949974,1.2788149230893338
2025-07-03,1.1069094951118865,0.7477721792007374,1.0839505921666024,1.3040043317121202
2025-07-04,1.1269371013130582,0.7316643730931177,1.1131687242798354,1.2981568345021857
2025-07-07,1.088476151606027,0.6957316718096661,1.066049332481353,1.2792647219364621
2025-07-08,1.1384795085396209,0.6515385765290161,1.131687242798354,1.289160520967818
2025-07-09,1.1429258891548553,0.6308875915360204,1.124897144458912,1.332342444462072
2025-07-10,1.1020610270943083,0.6257248452877714,1.0679012345679013,1.3354911485892371
2025-07-11,1.0917070872749723,0.6356372928756875,1.047119329005112,1.3575319652821263
2025-07-14,1.0996519450630582,0.6585598988222737,1.0545267489711934,1.369227071899263
2025-07-15,1.1064349772896207,0.6550492691865473,1.0627572016460904,1.3728255748735565
2025-07-16,1.1110779804990114,0.6463758302807672,1.0833333333333333,1.3516843558749239
2025-07-17,1.0947820698544801,0.6385284811921507,1.059670781893004,1.3440375510792086
2025-07-18,1.106046608428699,0.6304745466274385,1.082510237831147,1.337740255022146
2025-07-22,1.1351925312802615,0.6282029886956528,1.1337448559670782,1.3354911485892371
2025-07-23,1.2134293598935426,0.6802434330649193,1.1845679263519162,1.4843788304848504
2025-07-24,1.212616188506824,0.690775448015708,1.182921860934285,1.4848286293319786
2025-07-25,1.2002339009091678,0.6711570122723621,1.176543184759195,1.4582898241678077
2025-07-28,1.2331784565732302,0.6821020091099279,1.214403317298418,1.4915758364334373
2025-07-29,1.2131811421201053,0.6610380422301552,1.197736575279707,1.4600890195563203
2025-07-30,1.2129443135068239,0.6527776482329568,1.214197480629501,1.429951599220588
2025-07-31,1.1888048237607303,0.6641356899791044,1.183127572016461,1.4115093976992603
2025-08-01,1.2151538838193239,0.6845801525178093,1.2242798353909465,1.4187062914505795
2025-08-04,1.1947189106747926,0.6750806868166703,1.2030864448704346,1.3939666816749212
2025-08-05,1.234838454131824,0.6769392628616789,1.272633744855967,1.3926172851335366
2025-08-06,1.255538893584949,0.6821020091099279,1.2962962962962963,1.4137583919349013
2025-08-07,1.2693843769833866,0.6682658869777036,1.3331276222511574,1.3903681787006277
2025-08-08,1.3090161640927616,0.6866452510171089,1.3703703703703705,1.4452452088120182
2025-08-12,1.324468874053699,0.6949056450143072,1.375720114374357,1.4830294339434658
2025-08-13,1.380387526397449,0.6868517734713998,1.4738682876398534,1.478981132122044
2025-08-14,1.383488014678699,0.6738416151127297,1.4895062230742027,1.4605388184034487
2025-08-15,1.403481706921867,0.695938194263957,1.522633744855967,1.4731335227148419
2025-08-18,1.3814884203354856,0.7170022241655346,1.4676954481336806,1.496073937101987
2025-08-19,1.4119603014390012,0.7273277166620324,1.521399227189429,1.5014717476620614
2025-08-20,1.4177270800034543,0.7227844747548515,1.5137860333478008,1.5316090558005258
2025-08-21,1.4223371019761106,0.7333164897056402,1.5405350045412165,1.5019215465091895
2025-08-22,1.4395366136948606,0.7267081492991597,1.5674896868168082,1.510467948999161
2025-08-25,1.4272584215561888,0.749630755245746,1.5351851349504886,1.5257615585905915
2025-08-26,1.373752995530798,0.7027529941029237,1.4510288317017104,1.4996724400762806
2025-08-27,1.3987938585679074,0.7033725614657964,1.5022633242509003,1.4924754341276938
2025-08-28,1.4207952745835324,0.6940796182189484,1.5409465522923096,1.4965237359491155
2025-08-29,1.421302037278845,0.686438728562818,1.5537036534690072,1.4771818245362633
2025-09-01,1.4353902880112668,0.6928405465150076,1.565226362565908,1.5014717476620614
2025-09-02,1.446280729905798,0.6965576986050249,1.5847736876687886,1.502821144203446
2025-09-03,1.3828430284897826,0.7062636867604549,1.4740741243087705,1.4897766410449245
2025-09-04,1.4124384508530636,0.6963512391725388,1.5195473251028806,1.5059698483306112
2025-09-05,1.4099875414292355,0.7124589822583536,1.5045267740885417,1.5230626533105542
2025-09-08,1.4436111559311888,0.729392815161332,1.566872427983539,1.5239622510048108
2025-09-09,1.4366089037339231,0.7372401642499485,1.5518518769692,1.527110955131976
2025-09-10,1.4227393541733762,0.7329034447970585,1.5432098765432098,1.4987728423820244
2025-09-11,1.4290780016343136,0.7407508569074797,1.5635802971482768,1.4848286293319786
2025-09-12,1.4182703588301624,0.7527284029946953,1.5421810699588476,1.4839290316377223
2025-09-16,1.409984759485162,0.749630755245746,1.5205761316872428,1.4942747417134745
2025-09-17,1.3736102111453183,0.7618148237872525,1.454732510288066,1.490676238739181
2025-09-18,1.3088884032839903,0.7510763494039776,1.3430041403436856,1.4753826291477508
2025-09-19,1.3456277251202837,0.7574781043343625,1.4106995382426697,1.4672860255049074
2025-09-22,1.3237436919171586,0.7632604179454842,1.3578189802758487,1.4947245405606027
2025-09-24,1.28008501271794,0.7704882626930326,1.2917695222077545,1.478981132122044
2025-09-25,1.3242632353741899,0.788661104278147,1.35946504569348,1.493375144019218
2025-09-26,1.3440068022687213,0.7665645881487244,1.3983538592303242,1.4843788304848504
2025-09-29,1.3318268462140337,0.7455005582471468,1.4037037288210519,1.437503709522171
2025-09-30,1.3363268462140336,0.7512828088364637,1.4283950868457433,1.4071727488992607
2025-10-01,1.3350368315655963,0.7335230121599312,1.4362139917695473,1.3892499085311774
2025-10-02,1.2667568022687212,0.7174152060523117,1.3232509785718878,1.3818969483801689
2025-10-03,1.3383368315655961,0.7424029104981974,1.4351851851851851,1.4011984687765662
2025-10-06,1.3890068022687212,0.7698686953301599,1.4888888386541923,1.4604817099940726
2025-10-07,1.4155268462140336,0.7942368954349778,1.5302469386975952,1.467834670145081
2025-10-08,1.4335868315655962,0.7748249821459227,1.5617283950617284,1.466915550126205
2025-10-09,1.471836831565596,0.768423164193733,1.6388888888888888,1.4462353497014935
2025-10-10,1.4269868315655962,0.739511785203539,1.5709876543209877,1.4301507493711623
2025-10-14,1.405416860862471,0.7130784865994215,1.5419753588766718,1.4159043890785834
2025-10-15,1.4391920016923756,0.7161761343483709,1.610082304526749,1.4186617491352116
2025-10-16,1.484054607773141,0.7289797702527502,1.6919752835246271,1.4223382292107158
2025-10-17,1.4395246212008754,0.7262951674123826,1.625514403292181,1.3947646286444337
2025-10-20,1.4773146480563442,0.754586979039704,1.6695473753375771,1.438422829541047
2025-10-21,1.4506845943454065,0.7543804565854131,1.6267489209587191,1.4269338293050962
2025-10-22,1.4625746212008754,0.7799877283941716,1.6111111111111112,1.4889744305792307
2025-10-23,1.440854607773141,0.7797812059398808,1.5839505921666024,1.466915550126205
2025-10-24,1.417414648056344,0.7760639908280587,1.5409465522923096,1.465536870097891
2025-10-27,1.4236646480563442,0.798367092433577,1.5388889391235854,1.4880553105603547
2025-10-28,1.3895246212008754,0.7742054147830499,1.4876543209876543,1.4673751101356431
2025-10-29,1.3668146480563441,0.7593367434011759,1.4524691860371657,1.4554265498902543
2025-10-30,1.420768743170892,0.7614018419004754,1.5395061979568545,1.465536870097891
2025-10-31,1.4390986992255794,0.7300123195024,1.58868307733732,1.4338272294466667
2025-11-04,1.4392187431708918,0.7275341760945185,1.573456815240805,1.4614008300129486
2025-11-05,1.4950787285224545,0.7075027584643956,1.6841563786008231,1.4347463494655428
2025-11-06,1.5214787285224545,0.6957316718096661,1.7314814814814814,1.4310698693900383
2025-11-07,1.5328787285224543,0.7258821225038008,1.7366255144032923,1.4568052299185683
2025-11-10,1.5238787285224544,0.7411638387942567,1.7592592592592593,1.3887903485217392
2025-11-11,1.5432287285224544,0.7488047284503871,1.786008230452675,1.4002793487576901
2025-11-12,1.5639287285224543,0.7514893312907547,1.8106995884773662,1.4195808691540877
2025-11-13,1.6257329783319867,0.7727598836466232,1.9220164106706532,1.438422829541047
2025-11-14,1.5662330027460494,0.7925847788224553,1.8065843621399178,1.4306103093806004
2025-11-17,1.5724330027460494,0.753967474698636,1.8518518518518519,1.3943050686349956
2025-11-18,1.5428329783319867,0.7254690775952191,1.8119341061439043,1.3708675081536559
2025-11-19,1.5388330027460493,0.7242300689130831,1.786008230452675,1.3906285885594913
2025-11-20,1.5052330027460492,0.7364141374545896,1.7160493827160495,1.3915477085783674
2025-11-21,1.4989330271601118,0.7506633044953958,1.682921860934285,1.4140661490408313
2025-11-25,1.4477330027460493,0.7599562477422438,1.5751028806584362,1.4168235090974595
2025-11-26,1.4942329783319868,0.7890741491867288,1.647325052645962,1.4430184296354274
2025-11-27,1.4799329905390182,0.783085376143121,1.6281892752941745,1.4315294293994765
2025-11-28,1.4874330027460494,0.7934108686396188,1.631687242798354,1.4448566696731795
2025-12-01,1.3956330027460493,0.7744119372373409,1.4732510288065843,1.410849228974765
2025-12-02,1.3398330149530806,0.7628473730369023,1.374897144458912,1.3924668285972435
2025-12-03,1.3265330027460494,0.7483916835418053,1.3569958847736625,1.3818969483801689
2025-12-04,1.324641276426326,0.7801941878266577,1.3489711431809415,1.4223382292107158
2025-12-05,1.324641276426326,0.7653255164447837,1.3263373983249742,1.397062428691624
2025-12-08,1.324641276426326,0.7888676267324379,1.2911522633744856,1.4048749488520704
2025-12-09,1.324641276426326,0.8134422862697419,1.3176955234857253,1.4016580287860043
2025-12-10,1.324641276426326,0.8020842445235943,1.3333333333333333,1.4480735897392456
2025-12-11,1.324641276426326,0.8072469907718431,1.288683102454668,1.4448566696731795
2025-12-12,1.324641276426326,0.8278979757648389,1.360082304526749,1.4705920302017095
2025-12-15,1.324641276426326,0.8495815100074845,1.3520575629340277,1.479323670381032
2025-12-16,1.324641276426326,0.8359518473077463,1.3104938773951904,1.4568052299185683
2025-12-17,1.324641276426326,0.8330607220130879,1.2880658436213992,1.4549669898808162
2025-12-18,1.324641276426326,0.8183985100636999,1.3211933654031636,1.4182021891257734
2025-12-19,1.324641276426326,0.8219092027212311,1.309670781893004,1.4310698693900383
2025-12-22,1.324641276426326,0.8281044982191298,1.3364197530864197,1.4540478698619401
2025-12-23,1.324641276426326,0.8153008623147505,1.368312757201646,1.437503709522171
2025-12-24,1.324641276426326,0.8070404683175523,1.3421810448414995,1.4278529493239722
2025-12-25,1.324641276426326,0.792378319389969,1.3559670781893005,1.4333676694372286
2025-12-26,1.324641276426326,0.788661104278147,1.3288065592447917,1.4159043890785834
2025-12-29,1.324641276426326,0.7977475250707041,1.337448559670782,1.4163639490880213
2025-12-30,1.324641276426326,0.8055949371811254,1.352469110685121,1.411768348993641
2026-01-05,1.324641276426326,0.8109642058836652,1.477366255144033,1.4319889894089144
2026-01-06,1.324641276426326,0.8334737669216697,1.5637860082304527,1.438882389550485
2026-01-07,1.324641276426326,0.8144748355193917,1.4500000251173482,1.4080918689181368
2026-01-08,1.324641276426326,0.822322247629813,1.4965020324958205,1.4011984687765662
2026-01-09,1.324641276426326,0.8425601877142269,1.477366255144033,1.4448566696731795
2026-01-13,1.324641276426326,0.8574289221179058,1.48559670781893,1.4738089502677756
2026-01-14,1.324641276426326,0.8791124563605512,1.4769547073929399,1.4990847507868674
2026-01-15,1.3082126357958623,0.8683739189554716,1.4506172839506173,1.517467151164389
2026-01-16,1.2817068865572323,0.8822101041095006,1.4022633744855968,1.5032207908718098
2026-01-19,1.2905768481050839,0.8599070025039823,1.428189250176826,1.4954082707113632
2026-01-20,1.2763068804537168,0.8456578354631762,1.4104938271604939,1.4908126706169829
2026-01-21,1.3152768542085995,0.8386365131699186,1.4827159991480194,1.4774854303432798
2026-01-22,1.2897568804537167,0.8446252862135264,1.4310699588477367,1.506437710937876
2026-01-23,1.274106874350201,0.8266589040608983,1.4156378600823045,1.4852979505037265
2026-01-26,1.2274068835054746,0.7921717969356782,1.3621399176954732,1.4195808691540877
2026-01-27,1.160276845053326,0.7781290893273582,1.2543209374196245,1.411768348993641
2026-01-28,1.0862869036470761,0.7461200625882147,1.14691363048161,1.3786800283141025
2026-01-29,1.1008669809757876,0.7550000239482858,1.1738683127572016,1.4085514289275747
2026-01-30,1.1263369516789126,0.7791616385770079,1.1952675399466306,1.4292316293522862
2026-02-02,1.1294069712101626,0.7806072327352396,1.1956789621109825,1.4352059094749807
2026-02-03,1.1476369516789127,0.7977475250707041,1.2183127069669495,1.4503713897864359
2026-02-04,1.1696669809757876,0.812822781928674,1.2551440329218106,1.4820810304376602
2026-02-05,1.1833669809757876,0.8200506266762224,1.2183127069669495,1.506897270947314
2026-02-06,1.2303169809757877,0.8603200474125642,1.3045267489711934,1.5551510719383077
2026-02-09,1.1916169809757877,0.83244121767202,1.30987649297518,1.5027612308623717
2026-02-10,1.2115669809757876,0.8448318086678174,1.307407457642104,1.5344708715135962
2026-02-12,1.1970569712101626,0.8487554832121256,1.3722222724569186,1.4807023504093462
2026-02-13,1.2580229313495395,0.9230990291869103,1.420370345253022,1.4715111502205855
2026-02-16,1.261062961256766,0.9032740709892735,1.448353959699717,1.4296911893617243
2026-02-17,1.2872029301288364,0.9577926587664213,1.4423868312757202,1.4434779896448653
2026-02-18,1.294622955763602,0.9478802111785052,1.4685185436358668,1.4545074298713783
2026-02-19,1.286242956984305,0.9297073695933908,1.47119341563786,1.4535883098525022
2026-02-20,1.2688229313495394,0.9189688321883112,1.4471193164464378,1.4182021891257734
2026-02-24,1.2419429325702425,0.9007959906031968,1.411728344827032,1.4182021891257734
2026-02-25,1.2390129368427034,0.8898509307438262,1.4176954732510287,1.423257349229592
2026-02-26,1.2200429691913364,0.880145005610201,1.389300436639982,1.4347463494655428
2026-02-27,1.2529429813983675,0.894600695105298,1.4411523136091822,1.4563456699091304
2026-03-02,1.2074729313495394,0.8704390174547711,1.3740740489567258,1.427393389314534
2026-03-03,1.1420929813983676,0.8047689103857666,1.3115226839795524,1.370407948144218
2026-03-04,1.1244729191425082,0.7713142894883915,1.3119341061439043,1.333183587379737
2026-03-05,1.1369729191425082,0.7713142894883915,1.3376542707529577,1.3157203070210919
2026-03-06,1.143322955763602,0.7971280207296362,1.3224280086564428,1.343753467596812
2026-03-09,1.081882962477469,0.7653255164447837,1.2308642226482125,1.3364005074458034
2026-03-10,1.0803738730986567,0.7915522295728055,1.251234517666538,1.3492681877100683
2026-03-11,1.0803738730986567,0.777922629894872,1.2839506172839505,1.3478895076817543
2026-03-12,1.0803738730986567,0.7876285550284972,1.3271604938271604,1.331345347341985
2026-03-13,1.0803738730986567,0.7529349254489862,1.3179012345679013,1.2573561858224616
2026-03-16,1.0803738730986567,0.7285667253441683,1.2551440329218106,1.235756865378874
2026-03-17,1.0803738730986567,0.7372401642499485,1.2621399679301697,1.2334590653316837
2026-03-18,1.0803738730986567,0.7483916835418053,1.4679012848025976,1.236216425388312
2026-03-19,1.0803738730986567,0.7203063313469701,1.344444494679141,1.196694264576641
2026-03-23,1.0803738730986567,0.6841671076092275,1.2701645839361497,1.1801501042368718
